"INDICATOR_NAME","PERIOD_YEAR","PERIOD_MONTH","YTD_TARGET","YTD_ACTUAL","MONTHLY_TARGET","MONTHLY_ACTUAL","ON_TIME","DAYS_ON_TIME"
"one","2011","Jan",0.915,0.908,0.915,0.908,0,18.16
"one","2011","Feb",0.915,0.913,0.915,0.919,1,18.38
"one","2011","Mar",0.915,0.916,0.915,0.92,1,18.4
"one","2011","Apr",0.915,0.913,0.915,0.905,0,18.1
"one","2011","May",0.915,0.913,0.915,0.913,0,18.26
"one","2011","Jun",0.915,0.913,0.915,0.892,0,17.84
"one","2011","Jul",0.915,0.912,0.915,0.906,0,18.12
"one","2011","Aug",0.915,0.914,0.915,0.928,1,18.56
"one","2011","Sep",0.915,0.908,0.915,0.858,0,17.16
"one","2011","Oct",0.915,0.909,0.915,0.914,0,18.28
"one","2011","Nov",0.915,0.909,0.915,0.91,0,18.2
"one","2011","Dec",0.915,0.907,0.915,0.891,0,17.82
"one","2012","Jan",0.915,0.89,0.915,0.89,0,17.8
"one","2012","Feb",0.915,0.89,0.915,0.89,0,17.8
"one","2012","Mar",0.915,0.893,0.915,0.9,0,18
"one","2012","Apr",0.915,0.891,0.915,0.884,0,17.68
"one","2012","May",0.915,0.892,0.915,0.894,0,17.88
"one","2012","Jun",0.915,0.894,0.915,0.903,0,18.06
"one","2012","Jul",0.915,0.892,0.915,0.885,0,17.7
"one","2012","Aug",0.915,0.893,0.915,0.894,0,17.88
"one","2012","Sep",0.915,0.89,0.915,0.866,0,17.32
"one","2012","Oct",0.915,0.888,0.915,0.873,0,17.46
"one","2012","Nov",0.915,0.885,0.915,0.777,0,15.54
"one","2012","Dec",0.915,0.883,0.915,0.907,0,18.14
"one","2013","Jan",0.915,0.868,0.915,0.868,0,17.36
"one","2013","Feb",0.915,0.854,0.915,0.838,0,16.76
"one","2013","Mar",0.915,0.864,0.915,0.885,0,17.7
"one","2013","Apr",0.915,0.861,0.915,0.852,0,17.04
"one","2013","May",0.915,0.86,0.915,0.856,0,17.12
"one","2013","Jun",0.915,0.859,0.915,0.856,0,17.12
"one","2013","Jul",0.915,0.851,0.915,0.807,0,16.14
"one","2013","Aug",0.915,0.845,0.915,0.805,0,16.1
"one","2013","Sep",0.915,0.84,0.915,0.796,0,15.92
"one","2013","Oct",0.915,0.843,0.915,0.866,0,17.32
"one","2013","Nov",0.915,0.845,0.915,0.862,0,17.24
"one","2013","Dec",0.915,0.844,0.915,0.834,0,16.68
"one","2014","Jan",0.915,0.743,0.915,0.743,0,14.86
"one","2014","Feb",0.915,0.738,0.915,0.732,0,14.64
"one","2014","Mar",0.915,0.747,0.915,0.764,0,15.28
"one","2014","Apr",0.915,0.764,0.915,0.814,0,16.28
"one","2014","May",0.915,0.775,0.915,0.785,0,15.7
"one","2014","Jun",0.915,0.77,0.915,0.777,0,15.54
"one","2014","Jul",0.915,0.774,0.915,0.795,0,15.9
"one","2014","Aug",0.915,0.777,0.915,0.799,0,15.98
"one","2014","Sep",0.915,0.784,0.915,0.844,0,16.88
"one","2014","Oct",0.915,0.79,0.915,0.838,0,16.76
"one","2014","Nov",0.915,0.792,0.915,0.811,0,16.22
"one","2014","Dec",0.915,0.787,0.915,0.74,0,14.8
"one","2015","Jan",0.75,0.762,0.75,0.762,1,15.24
"one","2015","Feb",0.75,0.735,0.75,0.707,0,14.14
"one","2015","Mar",0.75,0.74,0.75,0.749,0,14.98
"one","2015","Apr",0.75,0.782,0.75,0.774,1,15.48
"one","2015","May",0.75,0.757,0.75,0.787,1,15.74
"one","2015","Jun",0.75,0.765,0.75,0.807,1,16.14
"one","2015","Jul",0.75,0.761,0.75,0.734,0,14.68
"one","2015","Aug",0.75,0.766,0.75,0.799,1,15.98
"one","2015","Sep",0.75,0.768,0.75,0.787,1,15.74
"one","2015","Oct",0.75,0.763,0.75,0.724,0,14.48
"one","2015","Nov",0.75,0.762,0.75,0.753,1,15.06
"one","2015","Dec",0.75,0.763,0.75,0.764,1,15.28
"one","2016","Jan",0.75,0.771,0.75,0.771,1,15.42
"one","2016","Feb",0.75,0.763,0.75,0.755,1,15.1
"one","2016","Mar",0.75,0.732,0.75,0.678,0,13.56
"one","2016","Apr",0.75,0.729,0.75,0.723,0,14.46
"one","2016","May",0.75,0.737,0.75,0.77,1,15.4
"one","2016","Jun",0.75,0.736,0.75,0.726,0,14.52
"one","2016","Jul",0.75,0.739,0.75,0.761,1,15.22
"one","2016","Aug",0.75,0.741,0.75,0.753,1,15.06
"one","2016","Sep",0.75,0.729,0.75,0.635,0,12.7
"one","2016","Oct",0.75,0.721,0.75,0.648,0,12.96
"one","2016","Nov",0.75,0.7174,0.75,0.6803,0,13.606
"one","2016","Dec",0.75,0.7144,0.75,0.6813,0,13.626
"one","2017","Jan",0.75,0.7278,0.75,0.7278,0,14.556
"one","2017","Feb",0.75,0.6672,0.75,0.6002,0,12.004
"one","2017","Mar",0.75,0.6782,0.75,0.6983,0,13.966
"one","2017","Apr",0.75,0.6849,0.75,0.7056,0,14.112
"one","2017","May",0.75,0.6894,0.75,0.7063,0,14.126
"one","2017","Jun",0.75,0.6822,0.75,0.6493,0,12.986
"one","2017","Jul",0.75,0.6796,0.75,0.6635,0,13.27
"one","2017","Aug",0.75,0.6876,0.75,0.7382,0,14.764
"one","2017","Sep",0.75,0.6894,0.75,0.7045,0,14.09
"one","2017","Oct",0.75,0.6925,0.75,0.7193,0,14.386
"one","2017","Nov",0.75,0.6928,0.75,0.6957,0,13.914
"one","2017","Dec",0.75,0.6939,0.75,0.7069,0,14.138
"two","2011","Jan",0.811,0.674,0.811,0.674,0,13.48
"two","2011","Feb",0.811,0.682,0.811,0.691,0,13.82
"two","2011","Mar",0.811,0.697,0.811,0.723,0,14.46
"two","2011","Apr",0.811,0.703,0.811,0.719,0,14.38
"two","2011","May",0.811,0.687,0.811,0.624,0,12.48
"two","2011","Jun",0.811,0.687,0.811,0.704,0,14.08
"two","2011","Jul",0.811,0.69,0.811,0.707,0,14.14
"two","2011","Aug",0.811,0.692,0.811,0.706,0,14.12
"two","2011","Sep",0.811,0.69,0.811,0.672,0,13.44
"two","2011","Oct",0.811,0.684,0.811,0.627,0,12.54
"two","2011","Nov",0.811,0.679,0.811,0.631,0,12.62
"two","2011","Dec",0.811,0.676,0.811,0.647,0,12.94
"two","2012","Jan",0.811,0.631,0.811,0.631,0,12.62
"two","2012","Feb",0.811,0.654,0.811,0.677,0,13.54
"two","2012","Mar",0.811,0.66,0.811,0.673,0,13.46
"two","2012","Apr",0.811,0.658,0.811,0.65,0,13
"two","2012","May",0.811,0.647,0.811,0.606,0,12.12
"two","2012","Jun",0.811,0.64,0.811,0.602,0,12.04
"two","2012","Jul",0.811,0.638,0.811,0.629,0,12.58
"two","2012","Aug",0.811,0.624,0.811,0.535,0,10.7
"two","2012","Sep",0.811,0.619,0.811,0.57,0,11.4
"two","2012","Oct",0.811,0.612,0.811,0.546,0,10.92
"two","2012","Nov",0.811,0.61,0.811,0.586,0,11.72
"two","2012","Dec",0.811,0.608,0.811,0.676,0,13.52
"two","2013","Jan",0.811,0.591,0.811,0.591,0,11.82
"two","2013","Feb",0.811,0.56,0.811,0.524,0,10.48
"two","2013","Mar",0.811,0.574,0.811,0.602,0,12.04
"two","2013","Apr",0.811,0.584,0.811,0.61,0,12.2
"two","2013","May",0.811,0.582,0.811,0.575,0,11.5
"two","2013","Jun",0.811,0.578,0.811,0.558,0,11.16
"two","2013","Jul",0.811,0.577,0.811,0.568,0,11.36
"two","2013","Aug",0.811,0.572,0.811,0.54,0,10.8
"two","2013","Sep",0.811,0.574,0.811,0.588,0,11.76
"two","2013","Oct",0.811,0.571,0.811,0.548,0,10.96
"two","2013","Nov",0.811,0.563,0.811,0.483,0,9.66
"two","2013","Dec",0.811,0.56,0.811,0.519,0,10.38
"two","2014","Jan",0.811,0.424,0.811,0.424,0,8.48
"two","2014","Feb",0.811,0.364,0.811,0.294,0,5.88
"two","2014","Mar",0.811,0.377,0.811,0.402,0,8.04
"two","2014","Apr",0.811,0.388,0.811,0.419,0,8.38
"two","2014","May",0.811,0.382,0.811,0.401,0,8.02
"two","2014","Jun",0.811,0.402,0.811,0.456,0,9.12
"two","2014","Jul",0.811,0.425,0.811,0.56,0,11.2
"two","2014","Aug",0.811,0.439,0.811,0.533,0,10.66
"two","2014","Sep",0.811,0.453,0.811,0.568,0,11.36
"two","2014","Oct",0.811,0.464,0.811,0.546,0,10.92
"two","2014","Nov",0.811,0.464,0.811,0.467,0,9.34
"two","2014","Dec",0.811,0.466,0.811,0.489,0,9.78
"two","2015","Jan",0.75,0.473,0.75,0.473,0,9.46
"two","2015","Feb",0.75,0.423,0.75,0.37,0,7.4
"two","2015","Mar",0.75,0.427,0.75,0.435,0,8.7
"two","2015","Apr",0.75,0.482,0.75,0.466,0,9.32
"two","2015","May",0.75,0.439,0.75,0.443,0,8.86
"two","2015","Jun",0.75,0.437,0.75,0.427,0,8.54
"two","2015","Jul",0.75,0.433,0.75,0.414,0,8.28
"two","2015","Aug",0.75,0.43,0.75,0.405,0,8.1
"two","2015","Sep",0.75,0.432,0.75,0.454,0,9.08
"two","2015","Oct",0.75,0.43,0.75,0.411,0,8.22
"two","2015","Nov",0.75,0.429,0.75,0.417,0,8.34
"two","2015","Dec",0.75,0.429,0.75,0.425,0,8.5
"two","2016","Jan",0.75,0.414,0.75,0.414,0,8.28
"two","2016","Feb",0.75,0.407,0.75,0.4,0,8
"two","2016","Mar",0.75,0.408,0.75,0.409,0,8.18
"two","2016","Apr",0.75,0.402,0.75,0.388,0,7.76
"two","2016","May",0.75,0.39,0.75,0.337,0,6.74
"two","2016","Jun",0.75,0.386,0.75,0.369,0,7.38
"two","2016","Jul",0.75,0.373,0.75,0.289,0,5.78
"two","2016","Aug",0.75,0.37,0.75,0.353,0,7.06
"two","2016","Sep",0.75,0.367,0.75,0.346,0,6.92
"two","2016","Oct",0.75,0.367,0.75,0.362,0,7.24
"two","2016","Nov",0.75,0.3657,0.75,0.3535,0,7.07
"two","2016","Dec",0.75,0.3618,0.75,0.3186,0,6.372
"two","2017","Jan",0.75,0.3376,0.75,0.3376,0,6.752
"two","2017","Feb",0.75,0.307,0.75,0.2733,0,5.466
"two","2017","Mar",0.75,0.3063,0.75,0.3048,0,6.096
"two","2017","Apr",0.75,0.311,0.75,0.3252,0,6.504
"two","2017","May",0.75,0.3087,0.75,0.3004,0,6.008
"two","2017","Jun",0.75,0.303,0.75,0.276,0,5.52
"two","2017","Jul",0.75,0.2995,0.75,0.2771,0,5.542
"two","2017","Aug",0.75,0.2967,0.75,0.2791,0,5.582
"two","2017","Sep",0.75,0.2946,0.75,0.2771,0,5.542
"two","2017","Oct",0.75,0.2961,0.75,0.3083,0,6.166
"two","2017","Nov",0.75,0.2919,0.75,0.2495,0,4.99
"two","2017","Dec",0.75,0.3031,0.75,0.4336,0,8.672
"three","2011","Jan",0.849,0.749,0.849,0.749,0,14.98
"three","2011","Feb",0.849,0.735,0.849,0.72,0,14.4
"three","2011","Mar",0.849,0.729,0.849,0.718,0,14.36
"three","2011","Apr",0.849,0.736,0.849,0.757,0,15.14
"three","2011","May",0.849,0.74,0.849,0.756,0,15.12
"three","2011","Jun",0.849,0.748,0.849,0.745,0,14.9
"three","2011","Jul",0.849,0.755,0.849,0.8,0,16
"three","2011","Aug",0.849,0.761,0.849,0.801,0,16.02
"three","2011","Sep",0.849,0.76,0.849,0.749,0,14.98
"three","2011","Oct",0.849,0.758,0.849,0.743,0,14.86
"three","2011","Nov",0.849,0.758,0.849,0.761,0,15.22
"three","2011","Dec",0.849,0.757,0.849,0.746,0,14.92
"three","2012","Jan",0.849,0.713,0.849,0.713,0,14.26
"three","2012","Feb",0.849,0.745,0.849,0.78,0,15.6
"three","2012","Mar",0.849,0.755,0.849,0.774,0,15.48
"three","2012","Apr",0.849,0.757,0.849,0.764,0,15.28
"three","2012","May",0.849,0.749,0.849,0.718,0,14.36
"three","2012","Jun",0.849,0.74,0.849,0.693,0,13.86
"three","2012","Jul",0.849,0.74,0.849,0.738,0,14.76
"three","2012","Aug",0.849,0.735,0.849,0.704,0,14.08
"three","2012","Sep",0.849,0.73,0.849,0.683,0,13.66
"three","2012","Oct",0.849,0.725,0.849,0.676,0,13.52
"three","2012","Nov",0.849,0.724,0.849,0.719,0,14.38
"three","2012","Dec",0.849,0.722,0.849,0.757,0,15.14
"three","2013","Jan",0.849,0.773,0.849,0.773,0,15.46
"three","2013","Feb",0.849,0.718,0.849,0.651,0,13.02
"three","2013","Mar",0.849,0.721,0.849,0.729,0,14.58
"three","2013","Apr",0.849,0.722,0.849,0.722,0,14.44
"three","2013","May",0.849,0.721,0.849,0.721,0,14.42
"three","2013","Jun",0.849,0.726,0.849,0.753,0,15.06
"three","2013","Jul",0.849,0.725,0.849,0.714,0,14.28
"three","2013","Aug",0.849,0.726,0.849,0.735,0,14.7
"three","2013","Sep",0.849,0.724,0.849,0.705,0,14.1
"three","2013","Oct",0.849,0.722,0.849,0.707,0,14.14
"three","2013","Nov",0.849,0.717,0.849,0.664,0,13.28
"three","2013","Dec",0.849,0.715,0.849,0.693,0,13.86
"three","2014","Jan",0.849,0.626,0.849,0.626,0,12.52
"three","2014","Feb",0.849,0.584,0.849,0.532,0,10.64
"three","2014","Mar",0.849,0.584,0.849,0.583,0,11.66
"three","2014","Apr",0.849,0.594,0.849,0.624,0,12.48
"three","2014","May",0.849,0.583,0.849,0.584,0,11.68
"three","2014","Jun",0.849,0.606,0.849,0.674,0,13.48
"three","2014","Jul",0.849,0.62,0.849,0.702,0,14.04
"three","2014","Aug",0.849,0.635,0.849,0.732,0,14.64
"three","2014","Sep",0.849,0.649,0.849,0.761,0,15.22
"three","2014","Oct",0.849,0.656,0.849,0.714,0,14.28
"three","2014","Nov",0.849,0.658,0.849,0.674,0,13.48
"three","2014","Dec",0.849,0.662,0.849,0.705,0,14.1
"three","2015","Jan",0.75,0.686,0.75,0.686,0,13.72
"three","2015","Feb",0.75,0.638,0.75,0.587,0,11.74
"three","2015","Mar",0.75,0.637,0.75,0.637,0,12.74
"three","2015","Apr",0.75,0.679,0.75,0.67,0,13.4
"three","2015","May",0.75,0.651,0.75,0.671,0,13.42
"three","2015","Jun",0.75,0.658,0.75,0.687,0,13.74
"three","2015","Jul",0.75,0.657,0.75,0.657,0,13.14
"three","2015","Aug",0.75,0.656,0.75,0.642,0,12.84
"three","2015","Sep",0.75,0.657,0.75,0.665,0,13.3
"three","2015","Oct",0.75,0.652,0.75,0.616,0,12.32
"three","2015","Nov",0.75,0.653,0.75,0.658,0,13.16
"three","2015","Dec",0.75,0.652,0.75,0.644,0,12.88
"three","2016","Jan",0.75,0.638,0.75,0.638,0,12.76
"three","2016","Feb",0.75,0.63,0.75,0.623,0,12.46
"three","2016","Mar",0.75,0.631,0.75,0.631,0,12.62
"three","2016","Apr",0.75,0.627,0.75,0.615,0,12.3
"three","2016","May",0.75,0.617,0.75,0.578,0,11.56
"three","2016","Jun",0.75,0.614,0.75,0.597,0,11.94
"three","2016","Jul",0.75,0.606,0.75,0.557,0,11.14
"three","2016","Aug",0.75,0.599,0.75,0.552,0,11.04
"three","2016","Sep",0.75,0.587,0.75,0.483,0,9.66
"three","2016","Oct",0.75,0.582,0.75,0.538,0,10.76
"three","2016","Nov",0.75,0.5787,0.75,0.5441,0,10.882
"three","2016","Dec",0.75,0.5776,0.75,0.5656,0,11.312
"three","2017","Jan",0.75,0.5394,0.75,0.5394,0,10.788
"three","2017","Feb",0.75,0.5224,0.75,0.5027,0,10.054
"three","2017","Mar",0.75,0.5106,0.75,0.4879,0,9.758
"three","2017","Apr",0.75,0.5172,0.75,0.5379,0,10.758
"three","2017","May",0.75,0.5143,0.75,0.5035,0,10.07
"three","2017","Jun",0.75,0.5032,0.75,0.4508,0,9.016
"three","2017","Jul",0.75,0.5029,0.75,0.5016,0,10.032
"three","2017","Aug",0.75,0.5031,0.75,0.5042,0,10.084
"three","2017","Sep",0.75,0.4968,0.75,0.4448,0,8.896
"three","2017","Oct",0.75,0.4945,0.75,0.475,0,9.5
"three","2017","Nov",0.75,0.4872,0.75,0.4133,0,8.266
"three","2017","Dec",0.75,0.4959,0.75,0.5935,0,11.87
"four","2011","Jan",0.801,0.646,0.801,0.646,0,12.92
"four","2011","Feb",0.801,0.666,0.801,0.689,0,13.78
"four","2011","Mar",0.801,0.684,0.801,0.715,0,14.3
"four","2011","Apr",0.801,0.681,0.801,0.672,0,13.44
"four","2011","May",0.801,0.675,0.801,0.652,0,13.04
"four","2011","Jun",0.801,0.681,0.801,0.706,0,14.12
"four","2011","Jul",0.801,0.69,0.801,0.748,0,14.96
"four","2011","Aug",0.801,0.693,0.801,0.71,0,14.2
"four","2011","Sep",0.801,0.694,0.801,0.7,0,14
"four","2011","Oct",0.801,0.687,0.801,0.625,0,12.5
"four","2011","Nov",0.801,0.686,0.801,0.682,0,13.64
"four","2011","Dec",0.801,0.684,0.801,0.665,0,13.3
"four","2012","Jan",0.801,0.665,0.801,0.665,0,13.3
"four","2012","Feb",0.801,0.664,0.801,0.662,0,13.24
"four","2012","Mar",0.801,0.674,0.801,0.695,0,13.9
"four","2012","Apr",0.801,0.669,0.801,0.654,0,13.08
"four","2012","May",0.801,0.664,0.801,0.644,0,12.88
"four","2012","Jun",0.801,0.661,0.801,0.647,0,12.94
"four","2012","Jul",0.801,0.661,0.801,0.658,0,13.16
"four","2012","Aug",0.801,0.657,0.801,0.631,0,12.62
"four","2012","Sep",0.801,0.655,0.801,0.637,0,12.74
"four","2012","Oct",0.801,0.649,0.801,0.597,0,11.94
"four","2012","Nov",0.801,0.647,0.801,0.615,0,12.3
"four","2012","Dec",0.801,0.644,0.801,0.684,0,13.68
"four","2013","Jan",0.801,0.634,0.801,0.634,0,12.68
"four","2013","Feb",0.801,0.603,0.801,0.568,0,11.36
"four","2013","Mar",0.801,0.614,0.801,0.634,0,12.68
"four","2013","Apr",0.801,0.612,0.801,0.607,0,12.14
"four","2013","May",0.801,0.604,0.801,0.571,0,11.42
"four","2013","Jun",0.801,0.597,0.801,0.56,0,11.2
"four","2013","Jul",0.801,0.589,0.801,0.545,0,10.9
"four","2013","Aug",0.801,0.579,0.801,0.512,0,10.24
"four","2013","Sep",0.801,0.569,0.801,0.481,0,9.62
"four","2013","Oct",0.801,0.558,0.801,0.469,0,9.38
"four","2013","Nov",0.801,0.55,0.801,0.46,0,9.2
"four","2013","Dec",0.801,0.547,0.801,0.515,0,10.3
"four","2014","Jan",0.801,0.411,0.801,0.411,0,8.22
"four","2014","Feb",0.801,0.384,0.801,0.354,0,7.08
"four","2014","Mar",0.801,0.391,0.801,0.402,0,8.04
"four","2014","Apr",0.801,0.406,0.801,0.448,0,8.96
"four","2014","May",0.801,0.41,0.801,0.429,0,8.58
"four","2014","Jun",0.801,0.417,0.801,0.451,0,9.02
"four","2014","Jul",0.801,0.432,0.801,0.514,0,10.28
"four","2014","Aug",0.801,0.446,0.801,0.552,0,11.04
"four","2014","Sep",0.801,0.455,0.801,0.524,0,10.48
"four","2014","Oct",0.801,0.455,0.801,0.456,0,9.12
"four","2014","Nov",0.801,0.453,0.801,0.43,0,8.6
"four","2014","Dec",0.801,0.458,0.801,0.509,0,10.18
"four","2015","Jan",0.75,0.484,0.75,0.484,0,9.68
"four","2015","Feb",0.75,0.456,0.75,0.425,0,8.5
"four","2015","Mar",0.75,0.435,0.75,0.398,0,7.96
"four","2015","Apr",0.75,0.468,0.75,0.438,0,8.76
"four","2015","May",0.75,0.432,0.75,0.416,0,8.32
"four","2015","Jun",0.75,0.432,0.75,0.431,0,8.62
"four","2015","Jul",0.75,0.431,0.75,0.428,0,8.56
"four","2015","Aug",0.75,0.433,0.75,0.445,0,8.9
"four","2015","Sep",0.75,0.434,0.75,0.438,0,8.76
"four","2015","Oct",0.75,0.431,0.75,0.413,0,8.26
"four","2015","Nov",0.75,0.431,0.75,0.427,0,8.54
"four","2015","Dec",0.75,0.432,0.75,0.444,0,8.88
"four","2016","Jan",0.75,0.402,0.75,0.402,0,8.04
"four","2016","Feb",0.75,0.383,0.75,0.364,0,7.28
"four","2016","Mar",0.75,0.393,0.75,0.411,0,8.22
"four","2016","Apr",0.75,0.395,0.75,0.399,0,7.98
"four","2016","May",0.75,0.392,0.75,0.381,0,7.62
"four","2016","Jun",0.75,0.394,0.75,0.402,0,8.04
"four","2016","Jul",0.75,0.388,0.75,0.352,0,7.04
"four","2016","Aug",0.75,0.392,0.75,0.416,0,8.32
"four","2016","Sep",0.75,0.389,0.75,0.365,0,7.3
"four","2016","Oct",0.75,0.387,0.75,0.365,0,7.3
"four","2016","Nov",0.75,0.3814,0.75,0.3303,0,6.606
"four","2016","Dec",0.75,0.3767,0.75,0.3251,0,6.502
"four","2017","Jan",0.75,0.3153,0.75,0.3153,0,6.306
"four","2017","Feb",0.75,0.3241,0.75,0.3339,0,6.678
"four","2017","Mar",0.75,0.3266,0.75,0.3312,0,6.624
"four","2017","Apr",0.75,0.3198,0.75,0.2986,0,5.972
"four","2017","May",0.75,0.3112,0.75,0.2798,0,5.596
"four","2017","Jun",0.75,0.3095,0.75,0.3015,0,6.03
"four","2017","Jul",0.75,0.3142,0.75,0.3441,0,6.882
"four","2017","Aug",0.75,0.3221,0.75,0.3723,0,7.446
"four","2017","Sep",0.75,0.3219,0.75,0.3199,0,6.398
"four","2017","Oct",0.75,0.3227,0.75,0.3294,0,6.588
"four","2017","Nov",0.75,0.3179,0.75,0.2703,0,5.406
"four","2017","Dec",0.75,0.3273,0.75,0.4339,0,8.678
"five","2011","Jan",0.862,0.637,0.862,0.637,0,12.74
"five","2011","Feb",0.862,0.683,0.862,0.734,0,14.68
"five","2011","Mar",0.862,0.706,0.862,0.745,0,14.9
"five","2011","Apr",0.862,0.694,0.862,0.658,0,13.16
"five","2011","May",0.862,0.679,0.862,0.618,0,12.36
"five","2011","Jun",0.862,0.678,0.862,0.713,0,14.26
"five","2011","Jul",0.862,0.685,0.862,0.73,0,14.6
"five","2011","Aug",0.862,0.685,0.862,0.685,0,13.7
"five","2011","Sep",0.862,0.685,0.862,0.688,0,13.76
"five","2011","Oct",0.862,0.68,0.862,0.629,0,12.58
"five","2011","Nov",0.862,0.677,0.862,0.65,0,13
"five","2011","Dec",0.862,0.678,0.862,0.684,0,13.68
"five","2012","Jan",0.862,0.682,0.862,0.682,0,13.64
"five","2012","Feb",0.862,0.685,0.862,0.687,0,13.74
"five","2012","Mar",0.862,0.686,0.862,0.687,0,13.74
"five","2012","Apr",0.862,0.681,0.862,0.669,0,13.38
"five","2012","May",0.862,0.676,0.862,0.656,0,13.12
"five","2012","Jun",0.862,0.673,0.862,0.659,0,13.18
"five","2012","Jul",0.862,0.677,0.862,0.699,0,13.98
"five","2012","Aug",0.862,0.676,0.862,0.667,0,13.34
"five","2012","Sep",0.862,0.677,0.862,0.691,0,13.82
"five","2012","Oct",0.862,0.671,0.862,0.613,0,12.26
"five","2012","Nov",0.862,0.667,0.862,0.604,0,12.08
"five","2012","Dec",0.862,0.664,0.862,0.678,0,13.56
"five","2013","Jan",0.862,0.622,0.862,0.622,0,12.44
"five","2013","Feb",0.862,0.593,0.862,0.559,0,11.18
"five","2013","Mar",0.862,0.6,0.862,0.614,0,12.28
"five","2013","Apr",0.862,0.605,0.862,0.62,0,12.4
"five","2013","May",0.862,0.594,0.862,0.548,0,10.96
"five","2013","Jun",0.862,0.588,0.862,0.562,0,11.24
"five","2013","Jul",0.862,0.593,0.862,0.618,0,12.36
"five","2013","Aug",0.862,0.587,0.862,0.549,0,10.98
"five","2013","Sep",0.862,0.583,0.862,0.542,0,10.84
"five","2013","Oct",0.862,0.574,0.862,0.503,0,10.06
"five","2013","Nov",0.862,0.567,0.862,0.484,0,9.68
"five","2013","Dec",0.862,0.564,0.862,0.535,0,10.7
"five","2014","Jan",0.862,0.404,0.862,0.404,0,8.08
"five","2014","Feb",0.862,0.365,0.862,0.32,0,6.4
"five","2014","Mar",0.862,0.378,0.862,0.403,0,8.06
"five","2014","Apr",0.862,0.402,0.862,0.471,0,9.42
"five","2014","May",0.862,0.412,0.862,0.443,0,8.86
"five","2014","Jun",0.862,0.405,0.862,0.376,0,7.52
"five","2014","Jul",0.862,0.421,0.862,0.506,0,10.12
"five","2014","Aug",0.862,0.429,0.862,0.484,0,9.68
"five","2014","Sep",0.862,0.434,0.862,0.474,0,9.48
"five","2014","Oct",0.862,0.431,0.862,0.411,0,8.22
"five","2014","Nov",0.862,0.427,0.862,0.378,0,7.56
"five","2014","Dec",0.862,0.43,0.862,0.466,0,9.32
"five","2015","Jan",0.75,0.493,0.75,0.493,0,9.86
"five","2015","Feb",0.75,0.449,0.75,0.403,0,8.06
"five","2015","Mar",0.75,0.428,0.75,0.389,0,7.78
"five","2015","Apr",0.75,0.44,0.75,0.441,0,8.82
"five","2015","May",0.75,0.426,0.75,0.402,0,8.04
"five","2015","Jun",0.75,0.422,0.75,0.404,0,8.08
"five","2015","Jul",0.75,0.417,0.75,0.387,0,7.74
"five","2015","Aug",0.75,0.408,0.75,0.348,0,6.96
"five","2015","Sep",0.75,0.405,0.75,0.381,0,7.62
"five","2015","Oct",0.75,0.4,0.75,0.36,0,7.2
"five","2015","Nov",0.75,0.399,0.75,0.389,0,7.78
"five","2015","Dec",0.75,0.398,0.75,0.382,0,7.64
"five","2016","Jan",0.75,0.378,0.75,0.378,0,7.56
"five","2016","Feb",0.75,0.379,0.75,0.379,0,7.58
"five","2016","Mar",0.75,0.375,0.75,0.368,0,7.36
"five","2016","Apr",0.75,0.377,0.75,0.385,0,7.7
"five","2016","May",0.75,0.372,0.75,0.349,0,6.98
"five","2016","Jun",0.75,0.376,0.75,0.394,0,7.88
"five","2016","Jul",0.75,0.377,0.75,0.386,0,7.72
"five","2016","Aug",0.75,0.378,0.75,0.385,0,7.7
"five","2016","Sep",0.75,0.376,0.75,0.358,0,7.16
"five","2016","Oct",0.75,0.375,0.75,0.371,0,7.42
"five","2016","Nov",0.75,0.3734,0.75,0.3535,0,7.07
"five","2016","Dec",0.75,0.3715,0.75,0.351,0,7.02
"five","2017","Jan",0.75,0.349,0.75,0.349,0,6.98
"five","2017","Feb",0.75,0.3363,0.75,0.3222,0,6.444
"five","2017","Mar",0.75,0.3279,0.75,0.3126,0,6.252
"five","2017","Apr",0.75,0.3233,0.75,0.3092,0,6.184
"five","2017","May",0.75,0.3106,0.75,0.262,0,5.24
"five","2017","Jun",0.75,0.3114,0.75,0.3152,0,6.304
"five","2017","Jul",0.75,0.3149,0.75,0.3372,0,6.744
"five","2017","Aug",0.75,0.3185,0.75,0.341,0,6.82
"five","2017","Sep",0.75,0.3129,0.75,0.2614,0,5.228
"five","2017","Oct",0.75,0.3062,0.75,0.2449,0,4.898
"five","2017","Nov",0.75,0.3016,0.75,0.2518,0,5.036
"five","2017","Dec",0.75,0.3154,0.75,0.4712,0,9.424
"six","2011","Jan",0.905,0.719,0.905,0.719,0,14.38
"six","2011","Feb",0.905,0.73,0.905,0.743,0,14.86
"six","2011","Mar",0.905,0.765,0.905,0.826,0,16.52
"six","2011","Apr",0.905,0.774,0.905,0.802,0,16.04
"six","2011","May",0.905,0.786,0.905,0.834,0,16.68
"six","2011","Jun",0.905,0.785,0.905,0.787,0,15.74
"six","2011","Jul",0.905,0.794,0.905,0.847,0,16.94
"six","2011","Aug",0.905,0.802,0.905,0.851,0,17.02
"six","2011","Sep",0.905,0.806,0.905,0.843,0,16.86
"six","2011","Oct",0.905,0.802,0.905,0.769,0,15.38
"six","2011","Nov",0.905,0.801,0.905,0.79,0,15.8
"six","2011","Dec",0.905,0.798,0.905,0.755,0,15.1
"six","2012","Jan",0.905,0.783,0.905,0.783,0,15.66
"six","2012","Feb",0.905,0.79,0.905,0.797,0,15.94
"six","2012","Mar",0.905,0.795,0.905,0.804,0,16.08
"six","2012","Apr",0.905,0.798,0.905,0.807,0,16.14
"six","2012","May",0.905,0.802,0.905,0.816,0,16.32
"six","2012","Jun",0.905,0.803,0.905,0.808,0,16.16
"six","2012","Jul",0.905,0.799,0.905,0.776,0,15.52
"six","2012","Aug",0.905,0.796,0.905,0.782,0,15.64
"six","2012","Sep",0.905,0.797,0.905,0.805,0,16.1
"six","2012","Oct",0.905,0.795,0.905,0.769,0,15.38
"six","2012","Nov",0.905,0.795,0.905,0.798,0,15.96
"six","2012","Dec",0.905,0.792,0.905,0.798,0,15.96
"six","2013","Jan",0.905,0.737,0.905,0.737,0,14.74
"six","2013","Feb",0.905,0.74,0.905,0.743,0,14.86
"six","2013","Mar",0.905,0.746,0.905,0.758,0,15.16
"six","2013","Apr",0.905,0.758,0.905,0.792,0,15.84
"six","2013","May",0.905,0.755,0.905,0.745,0,14.9
"six","2013","Jun",0.905,0.76,0.905,0.785,0,15.7
"six","2013","Jul",0.905,0.761,0.905,0.767,0,15.34
"six","2013","Aug",0.905,0.757,0.905,0.729,0,14.58
"six","2013","Sep",0.905,0.755,0.905,0.741,0,14.82
"six","2013","Oct",0.905,0.747,0.905,0.678,0,13.56
"six","2013","Nov",0.905,0.737,0.905,0.635,0,12.7
"six","2013","Dec",0.905,0.724,0.905,0.575,0,11.5
"six","2014","Jan",0.905,0.553,0.905,0.553,0,11.06
"six","2014","Feb",0.905,0.494,0.905,0.425,0,8.5
"six","2014","Mar",0.905,0.52,0.905,0.572,0,11.44
"six","2014","Apr",0.905,0.523,0.905,0.531,0,10.62
"six","2014","May",0.905,0.513,0.905,0.512,0,10.24
"six","2014","Jun",0.905,0.54,0.905,0.633,0,12.66
"six","2014","Jul",0.905,0.549,0.905,0.6,0,12
"six","2014","Aug",0.905,0.556,0.905,0.607,0,12.14
"six","2014","Sep",0.905,0.557,0.905,0.562,0,11.24
"six","2014","Oct",0.905,0.547,0.905,0.468,0,9.36
"six","2014","Nov",0.905,0.541,0.905,0.466,0,9.32
"six","2014","Dec",0.905,0.538,0.905,0.511,0,10.22
"six","2015","Jan",0.75,0.518,0.75,0.518,0,10.36
"six","2015","Feb",0.75,0.462,0.75,0.4,0,8
"six","2015","Mar",0.75,0.441,0.75,0.403,0,8.06
"six","2015","Apr",0.75,0.509,0.75,0.417,0,8.34
"six","2015","May",0.75,0.447,0.75,0.5,0,10
"six","2015","Jun",0.75,0.452,0.75,0.474,0,9.48
"six","2015","Jul",0.75,0.459,0.75,0.5,0,10
"six","2015","Aug",0.75,0.472,0.75,0.56,0,11.2
"six","2015","Sep",0.75,0.469,0.75,0.45,0,9
"six","2015","Oct",0.75,0.46,0.75,0.377,0,7.54
"six","2015","Nov",0.75,0.458,0.75,0.445,0,8.9
"six","2015","Dec",0.75,0.461,0.75,0.485,0,9.7
"six","2016","Jan",0.75,0.455,0.75,0.455,0,9.1
"six","2016","Feb",0.75,0.437,0.75,0.42,0,8.4
"six","2016","Mar",0.75,0.464,0.75,0.511,0,10.22
"six","2016","Apr",0.75,0.48,0.75,0.528,0,10.56
"six","2016","May",0.75,0.491,0.75,0.536,0,10.72
"six","2016","Jun",0.75,0.491,0.75,0.489,0,9.78
"six","2016","Jul",0.75,0.489,0.75,0.477,0,9.54
"six","2016","Aug",0.75,0.499,0.75,0.562,0,11.24
"six","2016","Sep",0.75,0.498,0.75,0.491,0,9.82
"six","2016","Oct",0.75,0.498,0.75,0.493,0,9.86
"six","2016","Nov",0.75,0.4922,0.75,0.4377,0,8.754
"six","2016","Dec",0.75,0.484,0.75,0.3941,0,7.882
"six","2017","Jan",0.75,0.4724,0.75,0.4724,0,9.448
"six","2017","Feb",0.75,0.4714,0.75,0.4703,0,9.406
"six","2017","Mar",0.75,0.4772,0.75,0.4877,0,9.754
"six","2017","Apr",0.75,0.4912,0.75,0.5345,0,10.69
"six","2017","May",0.75,0.4958,0.75,0.5131,0,10.262
"six","2017","Jun",0.75,0.5045,0.75,0.5459,0,10.918
"six","2017","Jul",0.75,0.5157,0.75,0.5853,0,11.706
"six","2017","Aug",0.75,0.5307,0.75,0.626,0,12.52
"six","2017","Sep",0.75,0.5295,0.75,0.519,0,10.38
"six","2017","Oct",0.75,0.5303,0.75,0.5372,0,10.744
"six","2017","Nov",0.75,0.5254,0.75,0.4765,0,9.53
"six","2017","Dec",0.75,0.517,0.75,0.4217,0,8.434
"seven","2011","Jan",0.941,0.834,0.941,0.834,0,16.68
"seven","2011","Feb",0.941,0.829,0.941,0.824,0,16.48
"seven","2011","Mar",0.941,0.828,0.941,0.826,0,16.52
"seven","2011","Apr",0.941,0.835,0.941,0.857,0,17.14
"seven","2011","May",0.941,0.849,0.941,0.904,0,18.08
"seven","2011","Jun",0.941,0.862,0.941,0.874,0,17.48
"seven","2011","Jul",0.941,0.87,0.941,0.917,0,18.34
"seven","2011","Aug",0.941,0.873,0.941,0.894,0,17.88
"seven","2011","Sep",0.941,0.876,0.941,0.898,0,17.96
"seven","2011","Oct",0.941,0.882,0.941,0.937,0,18.74
"seven","2011","Nov",0.941,0.885,0.941,0.916,0,18.32
"seven","2011","Dec",0.941,0.888,0.941,0.92,0,18.4
"seven","2012","Jan",0.941,0.896,0.941,0.896,0,17.92
"seven","2012","Feb",0.941,0.896,0.941,0.897,0,17.94
"seven","2012","Mar",0.941,0.901,0.941,0.91,0,18.2
"seven","2012","Apr",0.941,0.908,0.941,0.927,0,18.54
"seven","2012","May",0.941,0.91,0.941,0.917,0,18.34
"seven","2012","Jun",0.941,0.903,0.941,0.872,0,17.44
"seven","2012","Jul",0.941,0.904,0.941,0.909,0,18.18
"seven","2012","Aug",0.941,0.903,0.941,0.899,0,17.98
"seven","2012","Sep",0.941,0.905,0.941,0.922,0,18.44
"seven","2012","Oct",0.941,0.906,0.941,0.912,0,18.24
"seven","2012","Nov",0.941,0.906,0.941,0.909,0,18.18
"seven","2012","Dec",0.941,0.906,0.941,0.888,0,17.76
"seven","2013","Jan",0.941,0.88,0.941,0.88,0,17.6
"seven","2013","Feb",0.941,0.872,0.941,0.863,0,17.26
"seven","2013","Mar",0.941,0.875,0.941,0.88,0,17.6
"seven","2013","Apr",0.941,0.886,0.941,0.919,0,18.38
"seven","2013","May",0.941,0.893,0.941,0.917,0,18.34
"seven","2013","Jun",0.941,0.896,0.941,0.913,0,18.26
"seven","2013","Jul",0.941,0.894,0.941,0.885,0,17.7
"seven","2013","Aug",0.941,0.896,0.941,0.91,0,18.2
"seven","2013","Sep",0.941,0.897,0.941,0.908,0,18.16
"seven","2013","Oct",0.941,0.897,0.941,0.892,0,17.84
"seven","2013","Nov",0.941,0.89,0.941,0.819,0,16.38
"seven","2013","Dec",0.941,0.886,0.941,0.841,0,16.82
"seven","2014","Jan",0.941,0.853,0.941,0.853,0,17.06
"seven","2014","Feb",0.941,0.849,0.941,0.844,0,16.88
"seven","2014","Mar",0.941,0.86,0.941,0.882,0,17.64
"seven","2014","Apr",0.941,0.871,0.941,0.903,0,18.06
"seven","2014","May",0.941,0.879,0.941,0.883,0,17.66
"seven","2014","Jun",0.941,0.876,0.941,0.887,0,17.74
"seven","2014","Jul",0.941,0.881,0.941,0.911,0,18.22
"seven","2014","Aug",0.941,0.887,0.941,0.924,0,18.48
"seven","2014","Sep",0.941,0.888,0.941,0.9,0,18
"seven","2014","Oct",0.941,0.884,0.941,0.846,0,16.92
"seven","2014","Nov",0.941,0.878,0.941,0.814,0,16.28
"seven","2014","Dec",0.941,0.878,0.941,0.879,0,17.58
"seven","2015","Jan",0.75,0.86,0.75,0.86,1,17.2
"seven","2015","Feb",0.75,0.817,0.75,0.772,1,15.44
"seven","2015","Mar",0.75,0.813,0.75,0.807,1,16.14
"seven","2015","Apr",0.75,0.858,0.75,0.797,1,15.94
"seven","2015","May",0.75,0.814,0.75,0.833,1,16.66
"seven","2015","Jun",0.75,0.819,0.75,0.844,1,16.88
"seven","2015","Jul",0.75,0.822,0.75,0.838,1,16.76
"seven","2015","Aug",0.75,0.829,0.75,0.881,1,17.62
"seven","2015","Sep",0.75,0.828,0.75,0.814,1,16.28
"seven","2015","Oct",0.75,0.831,0.75,0.861,1,17.22
"seven","2015","Nov",0.75,0.831,0.75,0.827,1,16.54
"seven","2015","Dec",0.75,0.829,0.75,0.811,1,16.22
"seven","2016","Jan",0.75,0.78,0.75,0.78,1,15.6
"seven","2016","Feb",0.75,0.758,0.75,0.736,0,14.72
"seven","2016","Mar",0.75,0.758,0.75,0.756,1,15.12
"seven","2016","Apr",0.75,0.757,0.75,0.754,1,15.08
"seven","2016","May",0.75,0.755,0.75,0.75,1,15
"seven","2016","Jun",0.75,0.759,0.75,0.779,1,15.58
"seven","2016","Jul",0.75,0.763,0.75,0.787,1,15.74
"seven","2016","Aug",0.75,0.77,0.75,0.813,1,16.26
"seven","2016","Sep",0.75,0.775,0.75,0.821,1,16.42
"seven","2016","Oct",0.75,0.777,0.75,0.789,1,15.78
"seven","2016","Nov",0.75,0.7772,0.75,0.7821,1,15.642
"seven","2016","Dec",0.75,0.775,0.75,0.7507,1,15.014
"seven","2017","Jan",0.75,0.7675,0.75,0.7675,1,15.35
"seven","2017","Feb",0.75,0.7313,0.75,0.6914,0,13.828
"seven","2017","Mar",0.75,0.7363,0.75,0.7455,0,14.91
"seven","2017","Apr",0.75,0.7337,0.75,0.7255,0,14.51
"seven","2017","May",0.75,0.7399,0.75,0.7629,1,15.258
"seven","2017","Jun",0.75,0.7399,0.75,0.74,0,14.8
"seven","2017","Jul",0.75,0.736,0.75,0.7121,0,14.242
"seven","2017","Aug",0.75,0.73,0.75,0.6926,0,13.852
"seven","2017","Sep",0.75,0.7356,0.75,0.7821,1,15.642
"seven","2017","Oct",0.75,0.7349,0.75,0.7285,0,14.57
"seven","2017","Nov",0.75,0.731,0.75,0.6921,0,13.842
"seven","2017","Dec",0.75,0.7252,0.75,0.6588,0,13.176
"A","2011","Jan",0.891,0.833,0.891,0.833,0,16.66
"A","2011","Feb",0.891,0.825,0.891,0.816,0,16.32
"A","2011","Mar",0.891,0.833,0.891,0.848,0,16.96
"A","2011","Apr",0.891,0.841,0.891,0.866,0,17.32
"A","2011","May",0.891,0.852,0.891,0.893,1,17.86
"A","2011","Jun",0.891,0.852,0.891,0.856,0,17.12
"A","2011","Jul",0.891,0.844,0.891,0.793,0,15.86
"A","2011","Aug",0.891,0.836,0.891,0.782,0,15.64
"A","2011","Sep",0.891,0.832,0.891,0.801,0,16.02
"A","2011","Oct",0.891,0.832,0.891,0.835,0,16.7
"A","2011","Nov",0.891,0.829,0.891,0.793,0,15.86
"A","2011","Dec",0.891,0.824,0.891,0.771,0,15.42
"A","2012","Jan",0.891,0.826,0.891,0.826,0,16.52
"A","2012","Feb",0.891,0.839,0.891,0.853,0,17.06
"A","2012","Mar",0.891,0.845,0.891,0.856,0,17.12
"A","2012","Apr",0.891,0.844,0.891,0.839,0,16.78
"A","2012","May",0.891,0.845,0.891,0.851,0,17.02
"A","2012","Jun",0.891,0.846,0.891,0.851,0,17.02
"A","2012","Jul",0.891,0.846,0.891,0.843,0,16.86
"A","2012","Aug",0.891,0.842,0.891,0.819,0,16.38
"A","2012","Sep",0.891,0.843,0.891,0.85,0,17
"A","2012","Oct",0.891,0.84,0.891,0.814,0,16.28
"A","2012","Nov",0.891,0.835,0.891,0.762,0,15.24
"A","2012","Dec",0.891,0.837,0.891,0.824,0,16.48
"A","2013","Jan",0.911,0.896,0.911,0.896,0,17.92
"A","2013","Feb",0.911,0.886,0.911,0.875,0,17.5
"A","2013","Mar",0.891,0.888,0.891,0.891,1,17.82
"A","2013","Apr",0.891,0.893,0.891,0.909,1,18.18
"A","2013","May",0.891,0.883,0.891,0.846,0,16.92
"A","2013","Jun",0.891,0.872,0.891,0.809,0,16.18
"A","2013","Jul",0.891,0.858,0.891,0.781,0,15.62
"A","2013","Aug",0.891,0.855,0.891,0.832,0,16.64
"A","2013","Sep",0.891,0.845,0.891,0.762,0,15.24
"A","2013","Oct",0.891,0.84,0.891,0.798,0,15.96
"A","2013","Nov",0.891,0.835,0.891,0.785,0,15.7
"A","2013","Dec",0.891,0.832,0.891,0.799,0,15.98
"A","2014","Jan",0.891,0.725,0.891,0.725,0,14.5
"A","2014","Feb",0.891,0.711,0.891,0.694,0,13.88
"A","2014","Mar",0.891,0.721,0.891,0.74,0,14.8
"A","2014","Apr",0.891,0.738,0.891,0.785,0,15.7
"A","2014","May",0.891,0.74,0.891,0.732,0,14.64
"A","2014","Jun",0.891,0.739,0.891,0.75,0,15
"A","2014","Jul",0.891,0.74,0.891,0.746,0,14.92
"A","2014","Aug",0.891,0.737,0.891,0.715,0,14.3
"A","2014","Sep",0.891,0.738,0.891,0.746,0,14.92
"A","2014","Oct",0.891,0.734,0.891,0.704,0,14.08
"A","2014","Nov",0.891,0.728,0.891,0.652,0,13.04
"A","2014","Dec",0.891,0.725,0.891,0.69,0,13.8
"A","2015","Jan",0.75,0.676,0.75,0.676,0,13.52
"A","2015","Feb",0.75,0.654,0.75,0.63,0,12.6
"A","2015","Mar",0.75,0.654,0.75,0.656,0,13.12
"A","2015","Apr",0.75,0.702,0.75,0.713,0,14.26
"A","2015","May",0.75,0.671,0.75,0.673,0,13.46
"A","2015","Jun",0.75,0.671,0.75,0.673,0,13.46
"A","2015","Jul",0.75,0.668,0.75,0.649,0,12.98
"A","2015","Aug",0.75,0.669,0.75,0.676,0,13.52
"A","2015","Sep",0.75,0.663,0.75,0.622,0,12.44
"A","2015","Oct",0.75,0.659,0.75,0.625,0,12.5
"A","2015","Nov",0.75,0.643,0.75,0.67,0,13.4
"A","2015","Dec",0.75,0.664,0.75,0.701,0,14.02
"A","2016","Jan",0.75,0.66,0.75,0.66,0,13.2
"A","2016","Feb",0.75,0.657,0.75,0.654,0,13.08
"A","2016","Mar",0.75,0.655,0.75,0.651,0,13.02
"A","2016","Apr",0.75,0.65,0.75,0.636,0,12.72
"A","2016","May",0.75,0.649,0.75,0.642,0,12.84
"A","2016","Jun",0.75,0.642,0.75,0.608,0,12.16
"A","2016","Jul",0.75,0.639,0.75,0.625,0,12.5
"A","2016","Aug",0.75,0.642,0.75,0.658,0,13.16
"A","2016","Sep",0.75,0.641,0.75,0.63,0,12.6
"A","2016","Oct",0.75,0.636,0.75,0.593,0,11.86
"A","2016","Nov",0.75,0.6274,0.75,0.5421,0,10.842
"A","2016","Dec",0.75,0.6243,0.75,0.5901,0,11.802
"A","2017","Jan",0.75,0.6241,0.75,0.6241,0,12.482
"A","2017","Feb",0.75,0.5898,0.75,0.552,0,11.04
"A","2017","Mar",0.75,0.5721,0.75,0.5388,0,10.776
"A","2017","Apr",0.75,0.5724,0.75,0.5732,0,11.464
"A","2017","May",0.75,0.5589,0.75,0.509,0,10.18
"A","2017","Jun",0.75,0.55,0.75,0.5083,0,10.166
"A","2017","Jul",0.75,0.556,0.75,0.5939,0,11.878
"A","2017","Aug",0.75,0.5607,0.75,0.5903,0,11.806
"A","2017","Sep",0.75,0.5628,0.75,0.5806,0,11.612
"A","2017","Oct",0.75,0.5607,0.75,0.5424,0,10.848
"A","2017","Nov",0.75,0.5549,0.75,0.497,0,9.94
"A","2017","Dec",0.75,0.5493,0.75,0.4847,0,9.694
"B","2011","Jan",0.942,0.83,0.942,0.83,0,16.6
"B","2011","Feb",0.942,0.844,0.942,0.858,0,17.16
"B","2011","Mar",0.942,0.863,0.942,0.897,0,17.94
"B","2011","Apr",0.942,0.875,0.942,0.908,0,18.16
"B","2011","May",0.942,0.88,0.942,0.901,0,18.02
"B","2011","Jun",0.942,0.889,0.942,0.896,0,17.92
"B","2011","Jul",0.942,0.889,0.942,0.889,0,17.78
"B","2011","Aug",0.942,0.885,0.942,0.863,0,17.26
"B","2011","Sep",0.942,0.878,0.942,0.819,0,16.38
"B","2011","Oct",0.942,0.878,0.942,0.876,0,17.52
"B","2011","Nov",0.942,0.88,0.942,0.907,0,18.14
"B","2011","Dec",0.942,0.881,0.942,0.887,0,17.74
"B","2012","Jan",0.942,0.891,0.942,0.891,0,17.82
"B","2012","Feb",0.942,0.874,0.942,0.856,0,17.12
"B","2012","Mar",0.942,0.879,0.942,0.888,0,17.76
"B","2012","Apr",0.942,0.882,0.942,0.892,0,17.84
"B","2012","May",0.942,0.882,0.942,0.882,0,17.64
"B","2012","Jun",0.942,0.879,0.942,0.865,0,17.3
"B","2012","Jul",0.942,0.875,0.942,0.847,0,16.94
"B","2012","Aug",0.942,0.875,0.942,0.875,0,17.5
"B","2012","Sep",0.942,0.877,0.942,0.896,0,17.92
"B","2012","Oct",0.942,0.874,0.942,0.85,0,17
"B","2012","Nov",0.942,0.87,0.942,0.807,0,16.14
"B","2012","Dec",0.942,0.871,0.942,0.881,0,17.62
"B","2013","Jan",0.942,0.845,0.942,0.845,0,16.9
"B","2013","Feb",0.942,0.868,0.942,0.895,0,17.9
"B","2013","Mar",0.942,0.887,0.942,0.923,0,18.46
"B","2013","Apr",0.942,0.895,0.942,0.917,0,18.34
"B","2013","May",0.942,0.898,0.942,0.911,0,18.22
"B","2013","Jun",0.942,0.883,0.942,0.804,0,16.08
"B","2013","Jul",0.942,0.878,0.942,0.845,0,16.9
"B","2013","Aug",0.942,0.875,0.942,0.856,0,17.12
"B","2013","Sep",0.942,0.861,0.942,0.746,0,14.92
"B","2013","Oct",0.942,0.858,0.942,0.829,0,16.58
"B","2013","Nov",0.942,0.839,0.942,0.639,0,12.78
"B","2013","Dec",0.942,0.832,0.942,0.751,0,15.02
"B","2014","Jan",0.942,0.731,0.942,0.731,0,14.62
"B","2014","Feb",0.942,0.711,0.942,0.687,0,13.74
"B","2014","Mar",0.942,0.736,0.942,0.785,0,15.7
"B","2014","Apr",0.942,0.746,0.942,0.774,0,15.48
"B","2014","May",0.942,0.744,0.942,0.723,0,14.46
"B","2014","Jun",0.942,0.741,0.942,0.739,0,14.78
"B","2014","Jul",0.942,0.745,0.942,0.77,0,15.4
"B","2014","Aug",0.942,0.75,0.942,0.782,0,15.64
"B","2014","Sep",0.942,0.758,0.942,0.827,0,16.54
"B","2014","Oct",0.942,0.761,0.942,0.785,0,15.7
"B","2014","Nov",0.942,0.75,0.942,0.624,0,12.48
"B","2014","Dec",0.942,0.746,0.942,0.706,0,14.12
"B","2015","Jan",0.75,0.768,0.75,0.768,1,15.36
"B","2015","Feb",0.75,0.727,0.75,0.684,0,13.68
"B","2015","Mar",0.75,0.752,0.75,0.797,1,15.94
"B","2015","Apr",0.75,0.754,0.75,0.815,1,16.3
"B","2015","May",0.75,0.769,0.75,0.771,1,15.42
"B","2015","Jun",0.75,0.769,0.75,0.769,1,15.38
"B","2015","Jul",0.75,0.768,0.75,0.758,1,15.16
"B","2015","Aug",0.75,0.77,0.75,0.783,1,15.66
"B","2015","Sep",0.75,0.774,0.75,0.812,1,16.24
"B","2015","Oct",0.75,0.777,0.75,0.805,1,16.1
"B","2015","Nov",0.75,0.766,0.75,0.643,0,12.86
"B","2015","Dec",0.75,0.765,0.75,0.753,1,15.06
"B","2016","Jan",0.75,0.693,0.75,0.693,0,13.86
"B","2016","Feb",0.75,0.7,0.75,0.708,0,14.16
"B","2016","Mar",0.75,0.719,0.75,0.752,1,15.04
"B","2016","Apr",0.75,0.719,0.75,0.717,0,14.34
"B","2016","May",0.75,0.727,0.75,0.762,1,15.24
"B","2016","Jun",0.75,0.721,0.75,0.688,0,13.76
"B","2016","Jul",0.75,0.718,0.75,0.699,0,13.98
"B","2016","Aug",0.75,0.718,0.75,0.721,0,14.42
"B","2016","Sep",0.75,0.712,0.75,0.667,0,13.34
"B","2016","Oct",0.75,0.699,0.75,0.575,0,11.5
"B","2016","Nov",0.75,0.6827,0.75,0.5206,0,10.412
"B","2016","Dec",0.75,0.674,0.75,0.5781,0,11.562
"B","2017","Jan",0.75,0.5596,0.75,0.5596,0,11.192
"B","2017","Feb",0.75,0.5651,0.75,0.5712,0,11.424
"B","2017","Mar",0.75,0.5697,0.75,0.5781,0,11.562
"B","2017","Apr",0.75,0.5764,0.75,0.5968,0,11.936
"B","2017","May",0.75,0.5662,0.75,0.5287,0,10.574
"B","2017","Jun",0.75,0.5517,0.75,0.4832,0,9.664
"B","2017","Jul",0.75,0.5454,0.75,0.5054,0,10.108
"B","2017","Aug",0.75,0.5461,0.75,0.5507,0,11.014
"B","2017","Sep",0.75,0.5502,0.75,0.5847,0,11.694
"B","2017","Oct",0.75,0.5516,0.75,0.5635,0,11.27
"B","2017","Nov",0.75,0.5437,0.75,0.4649,0,9.298
"B","2017","Dec",0.75,0.5394,0.75,0.49,0,9.8
"C","2011","Jan",0.945,0.953,0.945,0.953,1,19.06
"C","2011","Feb",0.945,0.931,0.945,0.907,0,18.14
"C","2011","Mar",0.945,0.93,0.945,0.928,0,18.56
"C","2011","Apr",0.945,0.934,0.945,0.947,1,18.94
"C","2011","May",0.945,0.93,0.945,0.916,0,18.32
"C","2011","Jun",0.945,0.925,0.945,0.912,0,18.24
"C","2011","Jul",0.945,0.913,0.945,0.838,0,16.76
"C","2011","Aug",0.945,0.907,0.945,0.87,0,17.4
"C","2011","Sep",0.945,0.902,0.945,0.863,0,17.26
"C","2011","Oct",0.945,0.903,0.945,0.912,0,18.24
"C","2011","Nov",0.945,0.902,0.945,0.883,0,17.66
"C","2011","Dec",0.945,0.9,0.945,0.879,0,17.58
"C","2012","Jan",0.945,0.94,0.945,0.94,0,18.8
"C","2012","Feb",0.945,0.926,0.945,0.911,0,18.22
"C","2012","Mar",0.945,0.93,0.945,0.938,0,18.76
"C","2012","Apr",0.945,0.934,0.945,0.944,0,18.88
"C","2012","May",0.945,0.936,0.945,0.944,0,18.88
"C","2012","Jun",0.945,0.931,0.945,0.91,0,18.2
"C","2012","Jul",0.945,0.929,0.945,0.914,0,18.28
"C","2012","Aug",0.945,0.925,0.945,0.899,0,17.98
"C","2012","Sep",0.945,0.921,0.945,0.891,0,17.82
"C","2012","Oct",0.945,0.916,0.945,0.869,0,17.38
"C","2012","Nov",0.945,0.909,0.945,0.791,0,15.82
"C","2012","Dec",0.945,0.908,0.945,0.9,0,18
"C","2013","Jan",0.945,0.946,0.945,0.946,1,18.92
"C","2013","Feb",0.945,0.942,0.945,0.937,0,18.74
"C","2013","Mar",0.945,0.943,0.945,0.944,0,18.88
"C","2013","Apr",0.945,0.946,0.945,0.954,1,19.08
"C","2013","May",0.945,0.939,0.945,0.912,0,18.24
"C","2013","Jun",0.945,0.935,0.945,0.919,0,18.38
"C","2013","Jul",0.945,0.93,0.945,0.896,0,17.92
"C","2013","Aug",0.945,0.931,0.945,0.944,0,18.88
"C","2013","Sep",0.945,0.926,0.945,0.881,0,17.62
"C","2013","Oct",0.945,0.924,0.945,0.906,0,18.12
"C","2013","Nov",0.945,0.921,0.945,0.89,0,17.8
"C","2013","Dec",0.945,0.919,0.945,0.896,0,17.92
"C","2014","Jan",0.945,0.825,0.945,0.825,0,16.5
"C","2014","Feb",0.945,0.817,0.945,0.809,0,16.18
"C","2014","Mar",0.945,0.821,0.945,0.829,0,16.58
"C","2014","Apr",0.945,0.838,0.945,0.884,0,17.68
"C","2014","May",0.945,0.847,0.945,0.862,0,17.24
"C","2014","Jun",0.945,0.844,0.945,0.853,0,17.06
"C","2014","Jul",0.945,0.843,0.945,0.835,0,16.7
"C","2014","Aug",0.945,0.841,0.945,0.829,0,16.58
"C","2014","Sep",0.945,0.843,0.945,0.853,0,17.06
"C","2014","Oct",0.945,0.841,0.945,0.825,0,16.5
"C","2014","Nov",0.945,0.837,0.945,0.792,0,15.84
"C","2014","Dec",0.945,0.837,0.945,0.844,0,16.88
"C","2015","Jan",0.75,0.84,0.75,0.84,1,16.8
"C","2015","Feb",0.75,0.813,0.75,0.785,1,15.7
"C","2015","Mar",0.75,0.808,0.75,0.8,1,16
"C","2015","Apr",0.75,0.832,0.75,0.858,1,17.16
"C","2015","May",0.75,0.816,0.75,0.794,1,15.88
"C","2015","Jun",0.75,0.813,0.75,0.796,1,15.92
"C","2015","Jul",0.75,0.807,0.75,0.774,1,15.48
"C","2015","Aug",0.75,0.812,0.75,0.845,1,16.9
"C","2015","Sep",0.75,0.803,0.75,0.729,0,14.58
"C","2015","Oct",0.75,0.796,0.75,0.738,0,14.76
"C","2015","Nov",0.75,0.792,0.75,0.752,1,15.04
"C","2015","Dec",0.75,0.788,0.75,0.748,0,14.96
"C","2016","Jan",0.75,0.783,0.75,0.783,1,15.66
"C","2016","Feb",0.75,0.776,0.75,0.77,1,15.4
"C","2016","Mar",0.75,0.751,0.75,0.707,0,14.14
"C","2016","Apr",0.75,0.74,0.75,0.705,0,14.1
"C","2016","May",0.75,0.739,0.75,0.737,0,14.74
"C","2016","Jun",0.75,0.734,0.75,0.708,0,14.16
"C","2016","Jul",0.75,0.726,0.75,0.68,0,13.6
"C","2016","Aug",0.75,0.727,0.75,0.731,0,14.62
"C","2016","Sep",0.75,0.721,0.75,0.674,0,13.48
"C","2016","Oct",0.75,0.712,0.75,0.629,0,12.58
"C","2016","Nov",0.75,0.7025,0.75,0.6062,0,12.124
"C","2016","Dec",0.75,0.6923,0.75,0.5788,0,11.576
"C","2017","Jan",0.75,0.6181,0.75,0.6181,0,12.362
"C","2017","Feb",0.75,0.6,0.75,0.58,0,11.6
"C","2017","Mar",0.75,0.5964,0.75,0.5898,0,11.796
"C","2017","Apr",0.75,0.5981,0.75,0.6035,0,12.07
"C","2017","May",0.75,0.595,0.75,0.5836,0,11.672
"C","2017","Jun",0.75,0.5852,0.75,0.5386,0,10.772
"C","2017","Jul",0.75,0.5899,0.75,0.6198,0,12.396
"C","2017","Aug",0.75,0.5984,0.75,0.6522,0,13.044
"C","2017","Sep",0.75,0.599,0.75,0.604,0,12.08
"C","2017","Oct",0.75,0.5972,0.75,0.5823,0,11.646
"C","2017","Nov",0.75,0.5941,0.75,0.5629,0,11.258
"C","2017","Dec",0.75,0.5894,0.75,0.5343,0,10.686
"D","2011","Jan",0.916,0.872,0.916,0.872,0,17.44
"D","2011","Feb",0.916,0.872,0.916,0.871,0,17.42
"D","2011","Mar",0.916,0.88,0.916,0.895,0,17.9
"D","2011","Apr",0.916,0.889,0.916,0.914,0,18.28
"D","2011","May",0.916,0.885,0.916,0.87,0,17.4
"D","2011","Jun",0.916,0.886,0.916,0.89,0,17.8
"D","2011","Jul",0.916,0.883,0.916,0.866,0,17.32
"D","2011","Aug",0.916,0.88,0.916,0.858,0,17.16
"D","2011","Sep",0.916,0.878,0.916,0.861,0,17.22
"D","2011","Oct",0.916,0.88,0.916,0.898,0,17.96
"D","2011","Nov",0.916,0.882,0.916,0.901,0,18.02
"D","2011","Dec",0.916,0.882,0.916,0.884,0,17.68
"D","2012","Jan",0.916,0.912,0.916,0.912,0,18.24
"D","2012","Feb",0.916,0.909,0.916,0.907,0,18.14
"D","2012","Mar",0.916,0.906,0.916,0.9,0,18
"D","2012","Apr",0.916,0.909,0.916,0.916,1,18.32
"D","2012","May",0.916,0.901,0.916,0.872,0,17.44
"D","2012","Jun",0.916,0.9,0.916,0.895,0,17.9
"D","2012","Jul",0.916,0.897,0.916,0.875,0,17.5
"D","2012","Aug",0.916,0.894,0.916,0.878,0,17.56
"D","2012","Sep",0.916,0.894,0.916,0.895,0,17.9
"D","2012","Oct",0.916,0.891,0.916,0.861,0,17.22
"D","2012","Nov",0.916,0.887,0.916,0.826,0,16.52
"D","2012","Dec",0.916,0.886,0.916,0.882,0,17.64
"D","2013","Jan",0.916,0.88,0.916,0.88,0,17.6
"D","2013","Feb",0.916,0.882,0.916,0.883,0,17.66
"D","2013","Mar",0.916,0.889,0.916,0.903,0,18.06
"D","2013","Apr",0.916,0.894,0.916,0.907,0,18.14
"D","2013","May",0.916,0.89,0.916,0.874,0,17.48
"D","2013","Jun",0.916,0.877,0.916,0.806,0,16.12
"D","2013","Jul",0.916,0.861,0.916,0.772,0,15.44
"D","2013","Aug",0.916,0.857,0.916,0.834,0,16.68
"D","2013","Sep",0.916,0.847,0.916,0.759,0,15.18
"D","2013","Oct",0.916,0.841,0.916,0.79,0,15.8
"D","2013","Nov",0.916,0.839,0.916,0.815,0,16.3
"D","2013","Dec",0.916,0.836,0.916,0.805,0,16.1
"D","2014","Jan",0.916,0.746,0.916,0.746,0,14.92
"D","2014","Feb",0.916,0.724,0.916,0.698,0,13.96
"D","2014","Mar",0.916,0.759,0.916,0.826,0,16.52
"D","2014","Apr",0.916,0.763,0.916,0.774,0,15.48
"D","2014","May",0.916,0.764,0.916,0.75,0,15
"D","2014","Jun",0.916,0.754,0.916,0.72,0,14.4
"D","2014","Jul",0.916,0.751,0.916,0.734,0,14.68
"D","2014","Aug",0.916,0.75,0.916,0.747,0,14.94
"D","2014","Sep",0.916,0.752,0.916,0.763,0,15.26
"D","2014","Oct",0.916,0.752,0.916,0.752,0,15.04
"D","2014","Nov",0.916,0.751,0.916,0.745,0,14.9
"D","2014","Dec",0.916,0.751,0.916,0.753,0,15.06
"D","2015","Jan",0.75,0.761,0.75,0.761,1,15.22
"D","2015","Feb",0.75,0.717,0.75,0.672,0,13.44
"D","2015","Mar",0.75,0.736,0.75,0.77,1,15.4
"D","2015","Apr",0.75,0.747,0.75,0.784,1,15.68
"D","2015","May",0.75,0.749,0.75,0.751,1,15.02
"D","2015","Jun",0.75,0.747,0.75,0.734,0,14.68
"D","2015","Jul",0.75,0.744,0.75,0.728,0,14.56
"D","2015","Aug",0.75,0.744,0.75,0.746,0,14.92
"D","2015","Sep",0.75,0.744,0.75,0.741,0,14.82
"D","2015","Oct",0.75,0.743,0.75,0.734,0,14.68
"D","2015","Nov",0.75,0.74,0.75,0.71,0,14.2
"D","2015","Dec",0.75,0.739,0.75,0.727,0,14.54
"D","2016","Jan",0.75,0.698,0.75,0.698,0,13.96
"D","2016","Feb",0.75,0.677,0.75,0.656,0,13.12
"D","2016","Mar",0.75,0.681,0.75,0.688,0,13.76
"D","2016","Apr",0.75,0.687,0.75,0.705,0,14.1
"D","2016","May",0.75,0.69,0.75,0.704,0,14.08
"D","2016","Jun",0.75,0.685,0.75,0.657,0,13.14
"D","2016","Jul",0.75,0.682,0.75,0.666,0,13.32
"D","2016","Aug",0.75,0.683,0.75,0.685,0,13.7
"D","2016","Sep",0.75,0.679,0.75,0.652,0,13.04
"D","2016","Oct",0.75,0.674,0.75,0.628,0,12.56
"D","2016","Nov",0.75,0.671,0.75,0.6375,0,12.75
"D","2016","Dec",0.75,0.6646,0.75,0.5945,0,11.89
"D","2017","Jan",0.75,0.5995,0.75,0.5995,0,11.99
"D","2017","Feb",0.75,0.5819,0.75,0.5635,0,11.27
"D","2017","Mar",0.75,0.5756,0.75,0.5638,0,11.276
"D","2017","Apr",0.75,0.5607,0.75,0.5139,0,10.278
"D","2017","May",0.75,0.5533,0.75,0.526,0,10.52
"D","2017","Jun",0.75,0.5466,0.75,0.5151,0,10.302
"D","2017","Jul",0.75,0.5535,0.75,0.5946,0,11.892
"D","2017","Aug",0.75,0.5543,0.75,0.5595,0,11.19
"D","2017","Sep",0.75,0.5565,0.75,0.5761,0,11.522
"D","2017","Oct",0.75,0.5573,0.75,0.5633,0,11.266
"D","2017","Nov",0.75,0.5481,0.75,0.454,0,9.08
"D","2017","Dec",0.75,0.5409,0.75,0.4557,0,9.114
"E","2011","Jan",0.907,0.901,0.907,0.901,0,18.02
"E","2011","Feb",0.907,0.878,0.907,0.853,0,17.06
"E","2011","Mar",0.907,0.88,0.907,0.883,0,17.66
"E","2011","Apr",0.907,0.886,0.907,0.903,0,18.06
"E","2011","May",0.907,0.886,0.907,0.886,0,17.72
"E","2011","Jun",0.907,0.879,0.907,0.87,0,17.4
"E","2011","Jul",0.907,0.875,0.907,0.846,0,16.92
"E","2011","Aug",0.907,0.873,0.907,0.862,0,17.24
"E","2011","Sep",0.907,0.87,0.907,0.846,0,16.92
"E","2011","Oct",0.907,0.871,0.907,0.884,0,17.68
"E","2011","Nov",0.907,0.871,0.907,0.872,0,17.44
"E","2011","Dec",0.907,0.872,0.907,0.885,0,17.7
"E","2012","Jan",0.907,0.888,0.907,0.888,0,17.76
"E","2012","Feb",0.907,0.881,0.907,0.873,0,17.46
"E","2012","Mar",0.907,0.873,0.907,0.857,0,17.14
"E","2012","Apr",0.907,0.87,0.907,0.86,0,17.2
"E","2012","May",0.907,0.87,0.907,0.869,0,17.38
"E","2012","Jun",0.907,0.874,0.907,0.895,0,17.9
"E","2012","Jul",0.907,0.865,0.907,0.814,0,16.28
"E","2012","Aug",0.907,0.86,0.907,0.824,0,16.48
"E","2012","Sep",0.907,0.856,0.907,0.828,0,16.56
"E","2012","Oct",0.907,0.857,0.907,0.866,0,17.32
"E","2012","Nov",0.907,0.858,0.907,0.864,0,17.28
"E","2012","Dec",0.907,0.859,0.907,0.872,0,17.44
"E","2013","Jan",0.907,0.811,0.907,0.811,0,16.22
"E","2013","Feb",0.907,0.823,0.907,0.835,0,16.7
"E","2013","Mar",0.907,0.845,0.907,0.888,0,17.76
"E","2013","Apr",0.907,0.845,0.907,0.847,0,16.94
"E","2013","May",0.907,0.846,0.907,0.85,0,17
"E","2013","Jun",0.907,0.846,0.907,0.845,0,16.9
"E","2013","Jul",0.907,0.835,0.907,0.773,0,15.46
"E","2013","Aug",0.907,0.827,0.907,0.774,0,15.48
"E","2013","Sep",0.907,0.822,0.907,0.776,0,15.52
"E","2013","Oct",0.907,0.819,0.907,0.799,0,15.98
"E","2013","Nov",0.907,0.818,0.907,0.806,0,16.12
"E","2013","Dec",0.907,0.814,0.907,0.764,0,15.28
"E","2014","Jan",0.907,0.728,0.907,0.728,0,14.56
"E","2014","Feb",0.907,0.728,0.907,0.729,0,14.58
"E","2014","Mar",0.907,0.703,0.907,0.654,0,13.08
"E","2014","Apr",0.907,0.705,0.907,0.712,0,14.24
"E","2014","May",0.907,0.676,0.907,0.612,0,12.24
"E","2014","Jun",0.907,0.691,0.907,0.715,0,14.3
"E","2014","Jul",0.907,0.699,0.907,0.739,0,14.78
"E","2014","Aug",0.907,0.706,0.907,0.755,0,15.1
"E","2014","Sep",0.907,0.707,0.907,0.721,0,14.42
"E","2014","Oct",0.907,0.713,0.907,0.761,0,15.22
"E","2014","Nov",0.907,0.714,0.907,0.726,0,14.52
"E","2014","Dec",0.907,0.719,0.907,0.768,0,15.36
"E","2015","Jan",0.75,0.691,0.75,0.691,0,13.82
"E","2015","Feb",0.75,0.691,0.75,0.692,0,13.84
"E","2015","Mar",0.75,0.699,0.75,0.713,0,14.26
"E","2015","Apr",0.75,0.718,0.75,0.716,0,14.32
"E","2015","May",0.75,0.697,0.75,0.668,0,13.36
"E","2015","Jun",0.75,0.701,0.75,0.721,0,14.42
"E","2015","Jul",0.75,0.699,0.75,0.686,0,13.72
"E","2015","Aug",0.75,0.701,0.75,0.716,0,14.32
"E","2015","Sep",0.75,0.695,0.75,0.65,0,13
"E","2015","Oct",0.75,0.689,0.75,0.639,0,12.78
"E","2015","Nov",0.75,0.691,0.75,0.71,0,14.2
"E","2015","Dec",0.75,0.691,0.75,0.685,0,13.7
"E","2016","Jan",0.75,0.689,0.75,0.689,0,13.78
"E","2016","Feb",0.75,0.685,0.75,0.681,0,13.62
"E","2016","Mar",0.75,0.69,0.75,0.699,0,13.98
"E","2016","Apr",0.75,0.693,0.75,0.7,0,14
"E","2016","May",0.75,0.695,0.75,0.706,0,14.12
"E","2016","Jun",0.75,0.689,0.75,0.66,0,13.2
"E","2016","Jul",0.75,0.686,0.75,0.663,0,13.26
"E","2016","Aug",0.75,0.688,0.75,0.701,0,14.02
"E","2016","Sep",0.75,0.685,0.75,0.662,0,13.24
"E","2016","Oct",0.75,0.68,0.75,0.632,0,12.64
"E","2016","Nov",0.75,0.6771,0.75,0.6527,0,13.054
"E","2016","Dec",0.75,0.6723,0.75,0.6198,0,12.396
"E","2017","Jan",0.75,0.6232,0.75,0.6232,0,12.464
"E","2017","Feb",0.75,0.638,0.75,0.6544,0,13.088
"E","2017","Mar",0.75,0.6254,0.75,0.6023,0,12.046
"E","2017","Apr",0.75,0.6192,0.75,0.6001,0,12.002
"E","2017","May",0.75,0.6004,0.75,0.5302,0,10.604
"E","2017","Jun",0.75,0.5991,0.75,0.5934,0,11.868
"E","2017","Jul",0.75,0.6034,0.75,0.6305,0,12.61
"E","2017","Aug",0.75,0.5972,0.75,0.5577,0,11.154
"E","2017","Sep",0.75,0.594,0.75,0.5666,0,11.332
"E","2017","Oct",0.75,0.5951,0.75,0.6044,0,12.088
"E","2017","Nov",0.75,0.5968,0.75,0.6147,0,12.294
"E","2017","Dec",0.75,0.591,0.75,0.524,0,10.48
"F","2011","Jan",0.841,0.87,0.841,0.87,1,17.4
"F","2011","Feb",0.841,0.851,0.841,0.831,0,16.62
"F","2011","Mar",0.841,0.851,0.841,0.849,1,16.98
"F","2011","Apr",0.841,0.859,0.841,0.882,1,17.64
"F","2011","May",0.841,0.854,0.841,0.834,0,16.68
"F","2011","Jun",0.841,0.849,0.841,0.831,0,16.62
"F","2011","Jul",0.841,0.838,0.841,0.77,0,15.4
"F","2011","Aug",0.841,0.836,0.841,0.819,0,16.38
"F","2011","Sep",0.841,0.826,0.841,0.746,0,14.92
"F","2011","Oct",0.841,0.826,0.841,0.826,0,16.52
"F","2011","Nov",0.841,0.824,0.841,0.808,0,16.16
"F","2011","Dec",0.841,0.824,0.841,0.816,0,16.32
"F","2012","Jan",0.841,0.846,0.841,0.846,1,16.92
"F","2012","Feb",0.841,0.835,0.841,0.824,0,16.48
"F","2012","Mar",0.841,0.834,0.841,0.833,0,16.66
"F","2012","Apr",0.841,0.826,0.841,0.802,0,16.04
"F","2012","May",0.841,0.814,0.841,0.766,0,15.32
"F","2012","Jun",0.841,0.81,0.841,0.789,0,15.78
"F","2012","Jul",0.841,0.798,0.841,0.729,0,14.58
"F","2012","Aug",0.841,0.783,0.841,0.682,0,13.64
"F","2012","Sep",0.841,0.789,0.841,0.85,1,17
"F","2012","Oct",0.841,0.793,0.841,0.832,0,16.64
"F","2012","Nov",0.841,0.794,0.841,0.804,0,16.08
"F","2012","Dec",0.841,0.798,0.841,0.824,0,16.48
"F","2013","Jan",0.841,0.82,0.841,0.82,0,16.4
"F","2013","Feb",0.841,0.793,0.841,0.761,0,15.22
"F","2013","Mar",0.841,0.808,0.841,0.836,0,16.72
"F","2013","Apr",0.841,0.799,0.841,0.772,0,15.44
"F","2013","May",0.841,0.802,0.841,0.814,0,16.28
"F","2013","Jun",0.841,0.8,0.841,0.793,0,15.86
"F","2013","Jul",0.841,0.791,0.841,0.741,0,14.82
"F","2013","Aug",0.841,0.776,0.841,0.671,0,13.42
"F","2013","Sep",0.841,0.759,0.841,0.614,0,12.28
"F","2013","Oct",0.841,0.749,0.841,0.669,0,13.38
"F","2013","Nov",0.841,0.742,0.841,0.661,0,13.22
"F","2013","Dec",0.841,0.729,0.841,0.594,0,11.88
"F","2014","Jan",0.841,0.584,0.841,0.584,0,11.68
"F","2014","Feb",0.841,0.521,0.841,0.448,0,8.96
"F","2014","Mar",0.841,0.528,0.841,0.542,0,10.84
"F","2014","Apr",0.841,0.537,0.841,0.562,0,11.24
"F","2014","May",0.841,0.502,0.841,0.448,0,8.96
"F","2014","Jun",0.841,0.511,0.841,0.468,0,9.36
"F","2014","Jul",0.841,0.516,0.841,0.547,0,10.94
"F","2014","Aug",0.841,0.522,0.841,0.562,0,11.24
"F","2014","Sep",0.841,0.526,0.841,0.558,0,11.16
"F","2014","Oct",0.841,0.539,0.841,0.642,0,12.84
"F","2014","Nov",0.841,0.539,0.841,0.549,0,10.98
"F","2014","Dec",0.841,0.549,0.841,0.646,0,12.92
"F","2015","Jan",0.75,0.579,0.75,0.579,0,11.58
"F","2015","Feb",0.75,0.556,0.75,0.531,0,10.62
"F","2015","Mar",0.75,0.562,0.75,0.573,0,11.46
"F","2015","Apr",0.75,0.563,0.75,0.623,0,12.46
"F","2015","May",0.75,0.582,0.75,0.594,0,11.88
"F","2015","Jun",0.75,0.585,0.75,0.601,0,12.02
"F","2015","Jul",0.75,0.583,0.75,0.571,0,11.42
"F","2015","Aug",0.75,0.582,0.75,0.576,0,11.52
"F","2015","Sep",0.75,0.58,0.75,0.567,0,11.34
"F","2015","Oct",0.75,0.576,0.75,0.536,0,10.72
"F","2015","Nov",0.75,0.574,0.75,0.552,0,11.04
"F","2015","Dec",0.75,0.573,0.75,0.569,0,11.38
"F","2016","Jan",0.75,0.563,0.75,0.563,0,11.26
"F","2016","Feb",0.75,0.579,0.75,0.595,0,11.9
"F","2016","Mar",0.75,0.596,0.75,0.626,0,12.52
"F","2016","Apr",0.75,0.604,0.75,0.629,0,12.58
"F","2016","May",0.75,0.618,0.75,0.673,0,13.46
"F","2016","Jun",0.75,0.612,0.75,0.581,0,11.62
"F","2016","Jul",0.75,0.606,0.75,0.572,0,11.44
"F","2016","Aug",0.75,0.608,0.75,0.616,0,12.32
"F","2016","Sep",0.75,0.607,0.75,0.598,0,11.96
"F","2016","Oct",0.75,0.601,0.75,0.552,0,11.04
"F","2016","Nov",0.75,0.5888,0.75,0.4626,0,9.252
"F","2016","Dec",0.75,0.5816,0.75,0.504,0,10.08
"F","2017","Jan",0.75,0.4986,0.75,0.4986,0,9.972
"F","2017","Feb",0.75,0.4931,0.75,0.487,0,9.74
"F","2017","Mar",0.75,0.486,0.75,0.4727,0,9.454
"F","2017","Apr",0.75,0.4784,0.75,0.4545,0,9.09
"F","2017","May",0.75,0.4588,0.75,0.3854,0,7.708
"F","2017","Jun",0.75,0.462,0.75,0.477,0,9.54
"F","2017","Jul",0.75,0.4726,0.75,0.5399,0,10.798
"F","2017","Aug",0.75,0.4651,0.75,0.4176,0,8.352
"F","2017","Sep",0.75,0.4634,0.75,0.4484,0,8.968
"F","2017","Oct",0.75,0.4614,0.75,0.4446,0,8.892
"F","2017","Nov",0.75,0.4616,0.75,0.4637,0,9.274
"F","2017","Dec",0.75,0.457,0.75,0.4031,0,8.062
"S Fkln","2011","Jan",0.998,0.97,0.998,0.97,0,19.4
"S Fkln","2011","Feb",0.998,0.983,0.998,0.998,1,19.96
"S Fkln","2011","Mar",0.998,0.983,0.998,0.982,0,19.64
"S Fkln","2011","Apr",0.998,0.983,0.998,0.985,0,19.7
"S Fkln","2011","May",0.998,0.986,0.998,0.995,0,19.9
"S Fkln","2011","Jun",0.998,0.987,0.998,0.978,0,19.56
"S Fkln","2011","Jul",0.998,0.987,0.998,0.988,0,19.76
"S Fkln","2011","Aug",0.998,0.987,0.998,0.987,0,19.74
"S Fkln","2011","Sep",0.998,0.987,0.998,0.988,0,19.76
"S Fkln","2011","Oct",0.998,0.988,0.998,0.996,0,19.92
"S Fkln","2011","Nov",0.998,0.988,0.998,0.991,0,19.82
"S Fkln","2011","Dec",0.998,0.989,0.998,0.998,1,19.96
"S Fkln","2012","Jan",0.998,0.999,0.998,0.999,1,19.98
"S Fkln","2012","Feb",0.998,0.997,0.998,0.995,0,19.9
"S Fkln","2012","Mar",0.998,0.998,0.998,0.998,1,19.96
"S Fkln","2012","Apr",0.998,0.997,0.998,0.997,0,19.94
"S Fkln","2012","May",0.998,0.996,0.998,0.99,0,19.8
"S Fkln","2012","Jun",0.998,0.995,0.998,0.988,0,19.76
"S Fkln","2012","Jul",0.998,0.994,0.998,0.989,0,19.78
"S Fkln","2012","Aug",0.998,0.994,0.998,0.998,1,19.96
"S Fkln","2012","Sep",0.998,0.995,0.998,0.997,0,19.94
"S Fkln","2012","Oct",0.998,0.993,0.998,0.975,0,19.5
"S Fkln","2012","Nov",0.998,0.993,0.998,1,1,20
"S Fkln","2012","Dec",0.998,0.994,0.998,0.989,0,19.78
"S Fkln","2013","Jan",0.998,0.994,0.998,0.994,0,19.88
"S Fkln","2013","Feb",0.998,0.996,0.998,0.999,1,19.98
"S Fkln","2013","Mar",0.998,0.997,0.998,0.998,1,19.96
"S Fkln","2013","Apr",0.998,0.996,0.998,0.995,0,19.9
"S Fkln","2013","May",0.998,0.997,0.998,0.999,1,19.98
"S Fkln","2013","Jun",0.998,0.996,0.998,0.994,0,19.88
"S Fkln","2013","Jul",0.998,0.995,0.998,0.985,0,19.7
"S Fkln","2013","Aug",0.998,0.995,0.998,0.993,0,19.86
"S Fkln","2013","Sep",0.998,0.994,0.998,0.989,0,19.78
"S Fkln","2013","Oct",0.998,0.992,0.998,0.973,0,19.46
"S Fkln","2013","Nov",0.998,0.992,0.998,0.999,1,19.98
"S Fkln","2013","Dec",0.998,0.993,0.998,0.999,1,19.98
"S Fkln","2014","Jan",0.998,0.981,0.998,0.981,0,19.62
"S Fkln","2014","Feb",0.998,0.979,0.998,0.977,0,19.54
"S Fkln","2014","Mar",0.998,0.98,0.998,0.981,0,19.62
"S Fkln","2014","Apr",0.998,0.981,0.998,0.985,0,19.7
"S Fkln","2014","May",0.998,0.985,0.998,0.994,0,19.88
"S Fkln","2014","Jun",0.998,0.986,0.998,0.998,1,19.96
"S Fkln","2014","Jul",0.998,0.987,0.998,0.995,0,19.9
"S Fkln","2014","Aug",0.998,0.988,0.998,0.996,0,19.92
"S Fkln","2014","Sep",0.998,0.989,0.998,0.994,0,19.88
"S Fkln","2014","Oct",0.998,0.99,0.998,0.998,1,19.96
"S Fkln","2014","Nov",0.998,0.99,0.998,0.993,0,19.86
"S Fkln","2014","Dec",0.998,0.991,0.998,0.993,0,19.86
"S Fkln","2015","Jan",0.75,0.993,0.75,0.993,1,19.86
"S Fkln","2015","Feb",0.75,0.992,0.75,0.992,1,19.84
"S Fkln","2015","Mar",0.75,0.992,0.75,0.991,1,19.82
"S Fkln","2015","Apr",0.75,0.995,0.75,0.998,1,19.96
"S Fkln","2015","May",0.75,0.995,0.75,1,1,20
"S Fkln","2015","Jun",0.75,0.995,0.75,0.999,1,19.98
"S Fkln","2015","Jul",0.75,0.996,0.75,0.997,1,19.94
"S Fkln","2015","Aug",0.75,0.996,0.75,0.996,1,19.92
"S Fkln","2015","Sep",0.75,0.996,0.75,0.999,1,19.98
"S Fkln","2015","Oct",0.75,0.995,0.75,0.988,1,19.76
"S Fkln","2015","Nov",0.75,0.995,0.75,0.996,1,19.92
"S Fkln","2015","Dec",0.75,0.995,0.75,0.993,1,19.86
"S Fkln","2016","Jan",0.75,1,0.75,1,1,20
"S Fkln","2016","Feb",0.75,0.999,0.75,0.998,1,19.96
"S Fkln","2016","Mar",0.75,0.997,0.75,0.994,1,19.88
"S Fkln","2016","Apr",0.75,0.998,0.75,0.999,1,19.98
"S Fkln","2016","May",0.75,0.998,0.75,0.998,1,19.96
"S Fkln","2016","Jun",0.75,0.998,0.75,1,1,20
"S Fkln","2016","Jul",0.75,0.997,0.75,0.99,1,19.8
"S Fkln","2016","Aug",0.75,0.997,0.75,0.994,1,19.88
"S Fkln","2016","Sep",0.75,0.996,0.75,0.993,1,19.86
"S Fkln","2016","Oct",0.75,0.996,0.75,0.996,1,19.92
"S Fkln","2016","Nov",0.75,0.996,0.75,0.9931,1,19.862
"S Fkln","2016","Dec",0.75,0.9961,0.75,0.9968,1,19.936
"S Fkln","2017","Jan",0.75,0.9988,0.75,0.9988,1,19.976
"S Fkln","2017","Feb",0.75,0.9983,0.75,0.9978,1,19.956
"S Fkln","2017","Mar",0.75,0.9987,0.75,0.9996,1,19.992
"S Fkln","2017","Apr",0.75,0.9991,0.75,1,1,20
"S Fkln","2017","May",0.75,0.9966,0.75,0.9877,1,19.754
"S Fkln","2017","Jun",0.75,0.997,0.75,0.9988,1,19.976
"S Fkln","2017","Jul",0.75,0.9973,0.75,0.9992,1,19.984
"S Fkln","2017","Aug",0.75,0.9973,0.75,0.9971,1,19.942
"S Fkln","2017","Sep",0.75,0.9975,0.75,0.9992,1,19.984
"S Fkln","2017","Oct",0.75,0.9975,0.75,0.9973,1,19.946
"S Fkln","2017","Nov",0.75,0.9973,0.75,0.9961,1,19.922
"S Fkln","2017","Dec",0.75,0.9972,0.75,0.9958,1,19.916
"G","2011","Jan",0.966,0.926,0.966,0.926,0,18.52
"G","2011","Feb",0.966,0.935,0.966,0.945,0,18.9
"G","2011","Mar",0.966,0.936,0.966,0.938,0,18.76
"G","2011","Apr",0.966,0.937,0.966,0.938,0,18.76
"G","2011","May",0.966,0.936,0.966,0.93,0,18.6
"G","2011","Jun",0.966,0.938,0.966,0.929,0,18.58
"G","2011","Jul",0.966,0.938,0.966,0.935,0,18.7
"G","2011","Aug",0.966,0.94,0.966,0.949,0,18.98
"G","2011","Sep",0.966,0.943,0.966,0.97,1,19.4
"G","2011","Oct",0.966,0.944,0.966,0.95,0,19
"G","2011","Nov",0.966,0.943,0.966,0.938,0,18.76
"G","2011","Dec",0.966,0.944,0.966,0.947,0,18.94
"G","2012","Jan",0.966,0.947,0.966,0.947,0,18.94
"G","2012","Feb",0.966,0.947,0.966,0.947,0,18.94
"G","2012","Mar",0.966,0.951,0.966,0.958,0,19.16
"G","2012","Apr",0.966,0.939,0.966,0.905,0,18.1
"G","2012","May",0.966,0.923,0.966,0.862,0,17.24
"G","2012","Jun",0.966,0.919,0.966,0.902,0,18.04
"G","2012","Jul",0.966,0.919,0.966,0.913,0,18.26
"G","2012","Aug",0.966,0.918,0.966,0.915,0,18.3
"G","2012","Sep",0.966,0.918,0.966,0.914,0,18.28
"G","2012","Oct",0.966,0.919,0.966,0.928,0,18.56
"G","2012","Nov",0.966,0.905,0.966,0.711,0,14.22
"G","2012","Dec",0.966,0.907,0.966,0.944,0,18.88
"G","2013","Jan",0.966,0.892,0.966,0.892,0,17.84
"G","2013","Feb",0.966,0.854,0.966,0.809,0,16.18
"G","2013","Mar",0.966,0.859,0.966,0.87,0,17.4
"G","2013","Apr",0.966,0.861,0.966,0.865,0,17.3
"G","2013","May",0.966,0.871,0.966,0.906,0,18.12
"G","2013","Jun",0.966,0.868,0.966,0.853,0,17.06
"G","2013","Jul",0.966,0.862,0.966,0.825,0,16.5
"G","2013","Aug",0.966,0.866,0.966,0.894,0,17.88
"G","2013","Sep",0.966,0.865,0.966,0.855,0,17.1
"G","2013","Oct",0.966,0.863,0.966,0.853,0,17.06
"G","2013","Nov",0.966,0.86,0.966,0.826,0,16.52
"G","2013","Dec",0.966,0.861,0.966,0.869,0,17.38
"G","2014","Jan",0.966,0.835,0.966,0.835,0,16.7
"G","2014","Feb",0.966,0.813,0.966,0.789,0,15.78
"G","2014","Mar",0.966,0.829,0.966,0.859,0,17.18
"G","2014","Apr",0.966,0.809,0.966,0.753,0,15.06
"G","2014","May",0.966,0.795,0.966,0.781,0,15.62
"G","2014","Jun",0.966,0.787,0.966,0.713,0,14.26
"G","2014","Jul",0.966,0.79,0.966,0.801,0,16.02
"G","2014","Aug",0.966,0.803,0.966,0.897,0,17.94
"G","2014","Sep",0.966,0.798,0.966,0.76,0,15.2
"G","2014","Oct",0.966,0.794,0.966,0.767,0,15.34
"G","2014","Nov",0.966,0.788,0.966,0.725,0,14.5
"G","2014","Dec",0.966,0.781,0.966,0.698,0,13.96
"G","2015","Jan",0.75,0.699,0.75,0.699,0,13.98
"G","2015","Feb",0.75,0.697,0.75,0.695,0,13.9
"G","2015","Mar",0.75,0.674,0.75,0.633,0,12.66
"G","2015","Apr",0.75,0.735,0.75,0.649,0,12.98
"G","2015","May",0.75,0.668,0.75,0.668,0,13.36
"G","2015","Jun",0.75,0.661,0.75,0.631,0,12.62
"G","2015","Jul",0.75,0.659,0.75,0.645,0,12.9
"G","2015","Aug",0.75,0.66,0.75,0.669,0,13.38
"G","2015","Sep",0.75,0.662,0.75,0.676,0,13.52
"G","2015","Oct",0.75,0.661,0.75,0.654,0,13.08
"G","2015","Nov",0.75,0.665,0.75,0.709,0,14.18
"G","2015","Dec",0.75,0.676,0.75,0.787,1,15.74
"G","2016","Jan",0.75,0.791,0.75,0.791,1,15.82
"G","2016","Feb",0.75,0.802,0.75,0.813,1,16.26
"G","2016","Mar",0.75,0.79,0.75,0.77,1,15.4
"G","2016","Apr",0.75,0.798,0.75,0.822,1,16.44
"G","2016","May",0.75,0.81,0.75,0.851,1,17.02
"G","2016","Jun",0.75,0.811,0.75,0.818,1,16.36
"G","2016","Jul",0.75,0.817,0.75,0.85,1,17
"G","2016","Aug",0.75,0.818,0.75,0.826,1,16.52
"G","2016","Sep",0.75,0.816,0.75,0.801,1,16.02
"G","2016","Oct",0.75,0.811,0.75,0.759,1,15.18
"G","2016","Nov",0.75,0.8057,0.75,0.7541,1,15.082
"G","2016","Dec",0.75,0.8021,0.75,0.7605,1,15.21
"G","2017","Jan",0.75,0.7774,0.75,0.7774,1,15.548
"G","2017","Feb",0.75,0.7708,0.75,0.7635,1,15.27
"G","2017","Mar",0.75,0.7576,0.75,0.7335,0,14.67
"G","2017","Apr",0.75,0.7562,0.75,0.7518,1,15.036
"G","2017","May",0.75,0.7442,0.75,0.6994,0,13.988
"G","2017","Jun",0.75,0.7394,0.75,0.717,0,14.34
"G","2017","Jul",0.75,0.7391,0.75,0.7374,0,14.748
"G","2017","Aug",0.75,0.7447,0.75,0.7784,1,15.568
"G","2017","Sep",0.75,0.7495,0.75,0.7893,1,15.786
"G","2017","Oct",0.75,0.7484,0.75,0.7392,0,14.784
"G","2017","Nov",0.75,0.7443,0.75,0.703,0,14.06
"G","2017","Dec",0.75,0.7362,0.75,0.6408,0,12.816
"J Z","2011","Jan",0.987,0.961,0.987,0.961,0,19.22
"J Z","2011","Feb",0.987,0.96,0.987,0.959,0,19.18
"J Z","2011","Mar",0.987,0.968,0.987,0.982,0,19.64
"J Z","2011","Apr",0.987,0.971,0.987,0.978,0,19.56
"J Z","2011","May",0.987,0.971,0.987,0.973,0,19.46
"J Z","2011","Jun",0.987,0.971,0.987,0.967,0,19.34
"J Z","2011","Jul",0.987,0.969,0.987,0.958,0,19.16
"J Z","2011","Aug",0.987,0.965,0.987,0.938,0,18.76
"J Z","2011","Sep",0.987,0.966,0.987,0.976,0,19.52
"J Z","2011","Oct",0.987,0.965,0.987,0.952,0,19.04
"J Z","2011","Nov",0.987,0.964,0.987,0.953,0,19.06
"J Z","2011","Dec",0.987,0.965,0.987,0.973,0,19.46
"J Z","2012","Jan",0.987,0.967,0.987,0.967,0,19.34
"J Z","2012","Feb",0.987,0.971,0.987,0.976,0,19.52
"J Z","2012","Mar",0.987,0.968,0.987,0.962,0,19.24
"J Z","2012","Apr",0.987,0.967,0.987,0.965,0,19.3
"J Z","2012","May",0.987,0.965,0.987,0.956,0,19.12
"J Z","2012","Jun",0.987,0.964,0.987,0.959,0,19.18
"J Z","2012","Jul",0.987,0.958,0.987,0.923,0,18.46
"J Z","2012","Aug",0.987,0.959,0.987,0.961,0,19.22
"J Z","2012","Sep",0.987,0.954,0.987,0.908,0,18.16
"J Z","2012","Oct",0.987,0.955,0.987,0.967,0,19.34
"J Z","2012","Nov",0.987,0.956,0.987,0.979,0,19.58
"J Z","2012","Dec",0.987,0.957,0.987,0.965,0,19.3
"J Z","2013","Jan",0.987,0.956,0.987,0.956,0,19.12
"J Z","2013","Feb",0.987,0.95,0.987,0.944,0,18.88
"J Z","2013","Mar",0.987,0.956,0.987,0.969,0,19.38
"J Z","2013","Apr",0.987,0.954,0.987,0.946,0,18.92
"J Z","2013","May",0.987,0.949,0.987,0.931,0,18.62
"J Z","2013","Jun",0.987,0.948,0.987,0.944,0,18.88
"J Z","2013","Jul",0.987,0.948,0.987,0.945,0,18.9
"J Z","2013","Aug",0.987,0.948,0.987,0.951,0,19.02
"J Z","2013","Sep",0.987,0.947,0.987,0.937,0,18.74
"J Z","2013","Oct",0.987,0.947,0.987,0.944,0,18.88
"J Z","2013","Nov",0.987,0.945,0.987,0.928,0,18.56
"J Z","2013","Dec",0.987,0.943,0.987,0.919,0,18.38
"J Z","2014","Jan",0.987,0.871,0.987,0.871,0,17.42
"J Z","2014","Feb",0.987,0.859,0.987,0.845,0,16.9
"J Z","2014","Mar",0.987,0.866,0.987,0.881,0,17.62
"J Z","2014","Apr",0.987,0.874,0.987,0.895,0,17.9
"J Z","2014","May",0.987,0.871,0.987,0.861,0,17.22
"J Z","2014","Jun",0.987,0.872,0.987,0.873,0,17.46
"J Z","2014","Jul",0.987,0.873,0.987,0.883,0,17.66
"J Z","2014","Aug",0.987,0.867,0.987,0.82,0,16.4
"J Z","2014","Sep",0.987,0.866,0.987,0.862,0,17.24
"J Z","2014","Oct",0.987,0.868,0.987,0.882,0,17.64
"J Z","2014","Nov",0.987,0.868,0.987,0.863,0,17.26
"J Z","2014","Dec",0.987,0.864,0.987,0.825,0,16.5
"J Z","2015","Jan",0.75,0.803,0.75,0.803,1,16.06
"J Z","2015","Feb",0.75,0.764,0.75,0.722,0,14.44
"J Z","2015","Mar",0.75,0.778,0.75,0.803,1,16.06
"J Z","2015","Apr",0.75,0.834,0.75,0.795,1,15.9
"J Z","2015","May",0.75,0.771,0.75,0.721,0,14.42
"J Z","2015","Jun",0.75,0.754,0.75,0.678,0,13.56
"J Z","2015","Jul",0.75,0.753,0.75,0.742,0,14.84
"J Z","2015","Aug",0.75,0.755,0.75,0.77,1,15.4
"J Z","2015","Sep",0.75,0.749,0.75,0.702,0,14.04
"J Z","2015","Oct",0.75,0.74,0.75,0.661,0,13.22
"J Z","2015","Nov",0.75,0.733,0.75,0.663,0,13.26
"J Z","2015","Dec",0.75,0.727,0.75,0.658,0,13.16
"J Z","2016","Jan",0.75,0.61,0.75,0.61,0,12.2
"J Z","2016","Feb",0.75,0.658,0.75,0.704,0,14.08
"J Z","2016","Mar",0.75,0.656,0.75,0.654,0,13.08
"J Z","2016","Apr",0.75,0.658,0.75,0.664,0,13.28
"J Z","2016","May",0.75,0.651,0.75,0.621,0,12.42
"J Z","2016","Jun",0.75,0.659,0.75,0.699,0,13.98
"J Z","2016","Jul",0.75,0.658,0.75,0.647,0,12.94
"J Z","2016","Aug",0.75,0.654,0.75,0.631,0,12.62
"J Z","2016","Sep",0.75,0.653,0.75,0.643,0,12.86
"J Z","2016","Oct",0.75,0.654,0.75,0.663,0,13.26
"J Z","2016","Nov",0.75,0.6516,0.75,0.6293,0,12.586
"J Z","2016","Dec",0.75,0.647,0.75,0.5969,0,11.938
"J Z","2017","Jan",0.75,0.6344,0.75,0.6344,0,12.688
"J Z","2017","Feb",0.75,0.6421,0.75,0.6506,0,13.012
"J Z","2017","Mar",0.75,0.6318,0.75,0.613,0,12.26
"J Z","2017","Apr",0.75,0.6226,0.75,0.5943,0,11.886
"J Z","2017","May",0.75,0.6187,0.75,0.6041,0,12.082
"J Z","2017","Jun",0.75,0.6204,0.75,0.6282,0,12.564
"J Z","2017","Jul",0.75,0.6369,0.75,0.7409,0,14.818
"J Z","2017","Aug",0.75,0.6466,0.75,0.7081,0,14.162
"J Z","2017","Sep",0.75,0.6512,0.75,0.6901,0,13.802
"J Z","2017","Oct",0.75,0.6535,0.75,0.6737,0,13.474
"J Z","2017","Nov",0.75,0.6585,0.75,0.7088,0,14.176
"J Z","2017","Dec",0.75,0.6576,0.75,0.6471,0,12.942
"L","2011","Jan",0.955,0.952,0.955,0.952,0,19.04
"L","2011","Feb",0.955,0.949,0.955,0.946,0,18.92
"L","2011","Mar",0.955,0.955,0.955,0.966,1,19.32
"L","2011","Apr",0.955,0.959,0.955,0.971,1,19.42
"L","2011","May",0.955,0.959,0.955,0.959,1,19.18
"L","2011","Jun",0.955,0.958,0.955,0.947,0,18.94
"L","2011","Jul",0.955,0.957,0.955,0.953,0,19.06
"L","2011","Aug",0.955,0.958,0.955,0.962,1,19.24
"L","2011","Sep",0.955,0.958,0.955,0.961,1,19.22
"L","2011","Oct",0.955,0.96,0.955,0.978,1,19.56
"L","2011","Nov",0.955,0.961,0.955,0.964,1,19.28
"L","2011","Dec",0.955,0.962,0.955,0.975,1,19.5
"L","2012","Jan",0.955,0.955,0.955,0.955,1,19.1
"L","2012","Feb",0.955,0.952,0.955,0.949,0,18.98
"L","2012","Mar",0.955,0.958,0.955,0.969,1,19.38
"L","2012","Apr",0.955,0.961,0.955,0.97,1,19.4
"L","2012","May",0.955,0.955,0.955,0.932,0,18.64
"L","2012","Jun",0.955,0.952,0.955,0.938,0,18.76
"L","2012","Jul",0.955,0.947,0.955,0.921,0,18.42
"L","2012","Aug",0.955,0.946,0.955,0.936,0,18.72
"L","2012","Sep",0.955,0.947,0.955,0.961,1,19.22
"L","2012","Oct",0.955,0.948,0.955,0.954,0,19.08
"L","2012","Nov",0.955,0.948,0.955,0.954,0,19.08
"L","2012","Dec",0.955,0.948,0.955,0.962,1,19.24
"L","2013","Jan",0.957,0.944,0.957,0.944,0,18.88
"L","2013","Feb",0.957,0.951,0.957,0.959,1,19.18
"L","2013","Mar",0.957,0.951,0.957,0.952,0,19.04
"L","2013","Apr",0.957,0.956,0.957,0.968,1,19.36
"L","2013","May",0.957,0.956,0.957,0.958,1,19.16
"L","2013","Jun",0.957,0.954,0.957,0.939,0,18.78
"L","2013","Jul",0.957,0.95,0.957,0.929,0,18.58
"L","2013","Aug",0.957,0.947,0.957,0.93,0,18.6
"L","2013","Sep",0.957,0.949,0.957,0.96,1,19.2
"L","2013","Oct",0.957,0.95,0.957,0.963,1,19.26
"L","2013","Nov",0.957,0.95,0.957,0.951,0,19.02
"L","2013","Dec",0.957,0.944,0.957,0.879,0,17.58
"L","2014","Jan",0.957,0.903,0.957,0.903,0,18.06
"L","2014","Feb",0.957,0.913,0.957,0.923,0,18.46
"L","2014","Mar",0.957,0.922,0.957,0.939,0,18.78
"L","2014","Apr",0.957,0.93,0.957,0.952,0,19.04
"L","2014","May",0.957,0.943,0.957,0.955,0,19.1
"L","2014","Jun",0.957,0.932,0.957,0.919,0,18.38
"L","2014","Jul",0.957,0.934,0.957,0.944,0,18.88
"L","2014","Aug",0.957,0.935,0.957,0.947,0,18.94
"L","2014","Sep",0.957,0.938,0.957,0.959,1,19.18
"L","2014","Oct",0.957,0.938,0.957,0.941,0,18.82
"L","2014","Nov",0.957,0.94,0.957,0.96,1,19.2
"L","2014","Dec",0.957,0.939,0.957,0.923,0,18.46
"L","2015","Jan",0.75,0.929,0.75,0.929,1,18.58
"L","2015","Feb",0.75,0.897,0.75,0.864,1,17.28
"L","2015","Mar",0.75,0.905,0.75,0.919,1,18.38
"L","2015","Apr",0.75,0.932,0.75,0.924,1,18.48
"L","2015","May",0.75,0.918,0.75,0.953,1,19.06
"L","2015","Jun",0.75,0.916,0.75,0.905,1,18.1
"L","2015","Jul",0.75,0.915,0.75,0.905,1,18.1
"L","2015","Aug",0.75,0.917,0.75,0.931,1,18.62
"L","2015","Sep",0.75,0.92,0.75,0.947,1,18.94
"L","2015","Oct",0.75,0.918,0.75,0.899,1,17.98
"L","2015","Nov",0.75,0.918,0.75,0.924,1,18.48
"L","2015","Dec",0.75,0.918,0.75,0.914,1,18.28
"L","2016","Jan",0.75,0.882,0.75,0.882,1,17.64
"L","2016","Feb",0.75,0.892,0.75,0.902,1,18.04
"L","2016","Mar",0.75,0.893,0.75,0.895,1,17.9
"L","2016","Apr",0.75,0.901,0.75,0.927,1,18.54
"L","2016","May",0.75,0.907,0.75,0.928,1,18.56
"L","2016","Jun",0.75,0.908,0.75,0.911,1,18.22
"L","2016","Jul",0.75,0.903,0.75,0.874,1,17.48
"L","2016","Aug",0.75,0.905,0.75,0.92,1,18.4
"L","2016","Sep",0.75,0.906,0.75,0.914,1,18.28
"L","2016","Oct",0.75,0.905,0.75,0.895,1,17.9
"L","2016","Nov",0.75,0.9059,0.75,0.9131,1,18.262
"L","2016","Dec",0.75,0.9035,0.75,0.877,1,17.54
"L","2017","Jan",0.75,0.9215,0.75,0.9215,1,18.43
"L","2017","Feb",0.75,0.9191,0.75,0.9166,1,18.332
"L","2017","Mar",0.75,0.9217,0.75,0.9263,1,18.526
"L","2017","Apr",0.75,0.9266,0.75,0.9411,1,18.822
"L","2017","May",0.75,0.9283,0.75,0.9349,1,18.698
"L","2017","Jun",0.75,0.9332,0.75,0.956,1,19.12
"L","2017","Jul",0.75,0.9373,0.75,0.9617,1,19.234
"L","2017","Aug",0.75,0.9356,0.75,0.9258,1,18.516
"L","2017","Sep",0.75,0.9349,0.75,0.9285,1,18.57
"L","2017","Oct",0.75,0.9342,0.75,0.9283,1,18.566
"L","2017","Nov",0.75,0.9372,0.75,0.9664,1,19.328
"L","2017","Dec",0.75,0.9359,0.75,0.9212,1,18.424
"M","2011","Jan",0.927,0.892,0.927,0.892,0,17.84
"M","2011","Feb",0.927,0.893,0.927,0.894,0,17.88
"M","2011","Mar",0.927,0.905,0.927,0.927,1,18.54
"M","2011","Apr",0.927,0.91,0.927,0.924,0,18.48
"M","2011","May",0.927,0.91,0.927,0.911,0,18.22
"M","2011","Jun",0.927,0.912,0.927,0.907,0,18.14
"M","2011","Jul",0.927,0.909,0.927,0.893,0,17.86
"M","2011","Aug",0.927,0.907,0.927,0.895,0,17.9
"M","2011","Sep",0.927,0.903,0.927,0.869,0,17.38
"M","2011","Oct",0.927,0.903,0.927,0.901,0,18.02
"M","2011","Nov",0.927,0.904,0.927,0.918,0,18.36
"M","2011","Dec",0.927,0.903,0.927,0.886,0,17.72
"M","2012","Jan",0.927,0.92,0.927,0.92,0,18.4
"M","2012","Feb",0.927,0.913,0.927,0.905,0,18.1
"M","2012","Mar",0.927,0.921,0.927,0.937,1,18.74
"M","2012","Apr",0.927,0.916,0.927,0.901,0,18.02
"M","2012","May",0.927,0.911,0.927,0.892,0,17.84
"M","2012","Jun",0.927,0.913,0.927,0.923,0,18.46
"M","2012","Jul",0.927,0.909,0.927,0.881,0,17.62
"M","2012","Aug",0.927,0.908,0.927,0.907,0,18.14
"M","2012","Sep",0.927,0.906,0.927,0.886,0,17.72
"M","2012","Oct",0.927,0.905,0.927,0.897,0,17.94
"M","2012","Nov",0.927,0.902,0.927,0.86,0,17.2
"M","2012","Dec",0.927,0.901,0.927,0.903,0,18.06
"M","2013","Jan",0.927,0.849,0.927,0.849,0,16.98
"M","2013","Feb",0.927,0.839,0.927,0.828,0,16.56
"M","2013","Mar",0.927,0.856,0.927,0.89,0,17.8
"M","2013","Apr",0.927,0.862,0.927,0.876,0,17.52
"M","2013","May",0.927,0.859,0.927,0.851,0,17.02
"M","2013","Jun",0.927,0.858,0.927,0.853,0,17.06
"M","2013","Jul",0.927,0.857,0.927,0.851,0,17.02
"M","2013","Aug",0.927,0.859,0.927,0.869,0,17.38
"M","2013","Sep",0.927,0.858,0.927,0.853,0,17.06
"M","2013","Oct",0.927,0.861,0.927,0.88,0,17.6
"M","2013","Nov",0.927,0.86,0.927,0.851,0,17.02
"M","2013","Dec",0.927,0.854,0.927,0.79,0,15.8
"M","2014","Jan",0.927,0.743,0.927,0.743,0,14.86
"M","2014","Feb",0.927,0.737,0.927,0.729,0,14.58
"M","2014","Mar",0.927,0.739,0.927,0.743,0,14.86
"M","2014","Apr",0.927,0.762,0.927,0.826,0,16.52
"M","2014","May",0.927,0.748,0.927,0.688,0,13.76
"M","2014","Jun",0.927,0.743,0.927,0.723,0,14.46
"M","2014","Jul",0.927,0.747,0.927,0.769,0,15.38
"M","2014","Aug",0.927,0.749,0.927,0.763,0,15.26
"M","2014","Sep",0.927,0.749,0.927,0.748,0,14.96
"M","2014","Oct",0.927,0.754,0.927,0.792,0,15.84
"M","2014","Nov",0.927,0.749,0.927,0.703,0,14.06
"M","2014","Dec",0.927,0.749,0.927,0.74,0,14.8
"M","2015","Jan",0.75,0.708,0.75,0.708,0,14.16
"M","2015","Feb",0.75,0.683,0.75,0.658,0,13.16
"M","2015","Mar",0.75,0.68,0.75,0.674,0,13.48
"M","2015","Apr",0.75,0.726,0.75,0.726,0,14.52
"M","2015","May",0.75,0.69,0.75,0.679,0,13.58
"M","2015","Jun",0.75,0.691,0.75,0.7,0,14
"M","2015","Jul",0.75,0.693,0.75,0.699,0,13.98
"M","2015","Aug",0.75,0.692,0.75,0.69,0,13.8
"M","2015","Sep",0.75,0.698,0.75,0.741,0,14.82
"M","2015","Oct",0.75,0.697,0.75,0.69,0,13.8
"M","2015","Nov",0.75,0.695,0.75,0.679,0,13.58
"M","2015","Dec",0.75,0.695,0.75,0.69,0,13.8
"M","2016","Jan",0.75,0.657,0.75,0.657,0,13.14
"M","2016","Feb",0.75,0.674,0.75,0.691,0,13.82
"M","2016","Mar",0.75,0.675,0.75,0.676,0,13.52
"M","2016","Apr",0.75,0.688,0.75,0.728,0,14.56
"M","2016","May",0.75,0.696,0.75,0.729,0,14.58
"M","2016","Jun",0.75,0.697,0.75,0.703,0,14.06
"M","2016","Jul",0.75,0.697,0.75,0.691,0,13.82
"M","2016","Aug",0.75,0.694,0.75,0.675,0,13.5
"M","2016","Sep",0.75,0.691,0.75,0.666,0,13.32
"M","2016","Oct",0.75,0.685,0.75,0.639,0,12.78
"M","2016","Nov",0.75,0.6802,0.75,0.6289,0,12.578
"M","2016","Dec",0.75,0.6718,0.75,0.579,0,11.58
"M","2017","Jan",0.75,0.5882,0.75,0.5882,0,11.764
"M","2017","Feb",0.75,0.5967,0.75,0.606,0,12.12
"M","2017","Mar",0.75,0.6091,0.75,0.6321,0,12.642
"M","2017","Apr",0.75,0.6116,0.75,0.6191,0,12.382
"M","2017","May",0.75,0.6188,0.75,0.6457,0,12.914
"M","2017","Jun",0.75,0.6265,0.75,0.6571,0,13.142
"M","2017","Jul",0.75,0.6541,0.75,0.756,1,15.12
"M","2017","Aug",0.75,0.671,0.75,0.7397,0,14.794
"M","2017","Sep",0.75,0.682,0.75,0.7459,0,14.918
"M","2017","Oct",0.75,0.6888,0.75,0.7309,0,14.618
"M","2017","Nov",0.75,0.6971,0.75,0.7596,1,15.192
"M","2017","Dec",0.75,0.7034,0.75,0.7604,1,15.208
"N","2011","Jan",0.928,0.736,0.928,0.736,0,14.72
"N","2011","Feb",0.928,0.77,0.928,0.808,0,16.16
"N","2011","Mar",0.928,0.781,0.928,0.801,0,16.02
"N","2011","Apr",0.928,0.79,0.928,0.817,0,16.34
"N","2011","May",0.928,0.793,0.928,0.807,0,16.14
"N","2011","Jun",0.928,0.799,0.928,0.791,0,15.82
"N","2011","Jul",0.928,0.804,0.928,0.83,0,16.6
"N","2011","Aug",0.928,0.805,0.928,0.811,0,16.22
"N","2011","Sep",0.928,0.806,0.928,0.815,0,16.3
"N","2011","Oct",0.928,0.807,0.928,0.814,0,16.28
"N","2011","Nov",0.928,0.806,0.928,0.797,0,15.94
"N","2011","Dec",0.928,0.805,0.928,0.792,0,15.84
"N","2012","Jan",0.928,0.815,0.928,0.815,0,16.3
"N","2012","Feb",0.928,0.795,0.928,0.773,0,15.46
"N","2012","Mar",0.928,0.793,0.928,0.79,0,15.8
"N","2012","Apr",0.928,0.809,0.928,0.858,0,17.16
"N","2012","May",0.928,0.809,0.928,0.808,0,16.16
"N","2012","Jun",0.928,0.808,0.928,0.803,0,16.06
"N","2012","Jul",0.928,0.808,0.928,0.81,0,16.2
"N","2012","Aug",0.928,0.81,0.928,0.819,0,16.38
"N","2012","Sep",0.928,0.813,0.928,0.842,0,16.84
"N","2012","Oct",0.928,0.813,0.928,0.818,0,16.36
"N","2012","Nov",0.928,0.811,0.928,0.773,0,15.46
"N","2012","Dec",0.928,0.814,0.928,0.805,0,16.1
"N","2013","Jan",0.928,0.821,0.928,0.821,0,16.42
"N","2013","Feb",0.928,0.807,0.928,0.79,0,15.8
"N","2013","Mar",0.928,0.814,0.928,0.828,0,16.56
"N","2013","Apr",0.928,0.824,0.928,0.852,0,17.04
"N","2013","May",0.928,0.823,0.928,0.819,0,16.38
"N","2013","Jun",0.928,0.811,0.928,0.748,0,14.96
"N","2013","Jul",0.928,0.813,0.928,0.822,0,16.44
"N","2013","Aug",0.928,0.817,0.928,0.847,0,16.94
"N","2013","Sep",0.928,0.82,0.928,0.848,0,16.96
"N","2013","Oct",0.928,0.822,0.928,0.831,0,16.62
"N","2013","Nov",0.928,0.822,0.928,0.826,0,16.52
"N","2013","Dec",0.928,0.822,0.928,0.828,0,16.56
"N","2014","Jan",0.928,0.678,0.928,0.678,0,13.56
"N","2014","Feb",0.928,0.637,0.928,0.59,0,11.8
"N","2014","Mar",0.928,0.69,0.928,0.788,0,15.76
"N","2014","Apr",0.928,0.698,0.928,0.723,0,14.46
"N","2014","May",0.928,0.716,0.928,0.746,0,14.92
"N","2014","Jun",0.928,0.712,0.928,0.733,0,14.66
"N","2014","Jul",0.928,0.718,0.928,0.75,0,15
"N","2014","Aug",0.928,0.725,0.928,0.781,0,15.62
"N","2014","Sep",0.928,0.73,0.928,0.765,0,15.3
"N","2014","Oct",0.928,0.726,0.928,0.695,0,13.9
"N","2014","Nov",0.928,0.719,0.928,0.646,0,12.92
"N","2014","Dec",0.928,0.712,0.928,0.632,0,12.64
"N","2015","Jan",0.75,0.685,0.75,0.685,0,13.7
"N","2015","Feb",0.75,0.65,0.75,0.614,0,12.28
"N","2015","Mar",0.75,0.676,0.75,0.721,0,14.42
"N","2015","Apr",0.75,0.709,0.75,0.73,0,14.6
"N","2015","May",0.75,0.682,0.75,0.648,0,12.96
"N","2015","Jun",0.75,0.676,0.75,0.644,0,12.88
"N","2015","Jul",0.75,0.676,0.75,0.68,0,13.6
"N","2015","Aug",0.75,0.675,0.75,0.668,0,13.36
"N","2015","Sep",0.75,0.674,0.75,0.666,0,13.32
"N","2015","Oct",0.75,0.674,0.75,0.671,0,13.42
"N","2015","Nov",0.75,0.663,0.75,0.545,0,10.9
"N","2015","Dec",0.75,0.661,0.75,0.648,0,12.96
"N","2016","Jan",0.75,0.617,0.75,0.617,0,12.34
"N","2016","Feb",0.75,0.614,0.75,0.612,0,12.24
"N","2016","Mar",0.75,0.662,0.75,0.662,0,13.24
"N","2016","Apr",0.75,0.645,0.75,0.687,0,13.74
"N","2016","May",0.75,0.64,0.75,0.621,0,12.42
"N","2016","Jun",0.75,0.638,0.75,0.625,0,12.5
"N","2016","Jul",0.75,0.635,0.75,0.621,0,12.42
"N","2016","Aug",0.75,0.636,0.75,0.638,0,12.76
"N","2016","Sep",0.75,0.631,0.75,0.592,0,11.84
"N","2016","Oct",0.75,0.628,0.75,0.599,0,11.98
"N","2016","Nov",0.75,0.6221,0.75,0.5649,0,11.298
"N","2016","Dec",0.75,0.6171,0.75,0.5624,0,11.248
"N","2017","Jan",0.75,0.5245,0.75,0.5245,0,10.49
"N","2017","Feb",0.75,0.5343,0.75,0.5452,0,10.904
"N","2017","Mar",0.75,0.535,0.75,0.5362,0,10.724
"N","2017","Apr",0.75,0.5291,0.75,0.5109,0,10.218
"N","2017","May",0.75,0.5249,0.75,0.5092,0,10.184
"N","2017","Jun",0.75,0.5141,0.75,0.4633,0,9.266
"N","2017","Jul",0.75,0.5204,0.75,0.5596,0,11.192
"N","2017","Aug",0.75,0.5194,0.75,0.5131,0,10.262
"N","2017","Sep",0.75,0.5215,0.75,0.5394,0,10.788
"N","2017","Oct",0.75,0.5325,0.75,0.6275,0,12.55
"N","2017","Nov",0.75,0.5439,0.75,0.651,0,13.02
"N","2017","Dec",0.75,0.5516,0.75,0.6378,0,12.756
"Q","2011","Jan",0.968,0.804,0.968,0.804,0,16.08
"Q","2011","Feb",0.968,0.832,0.968,0.863,0,17.26
"Q","2011","Mar",0.968,0.855,0.968,0.893,0,17.86
"Q","2011","Apr",0.968,0.868,0.968,0.906,0,18.12
"Q","2011","May",0.968,0.865,0.968,0.854,0,17.08
"Q","2011","Jun",0.968,0.868,0.968,0.861,0,17.22
"Q","2011","Jul",0.968,0.868,0.968,0.869,0,17.38
"Q","2011","Aug",0.968,0.867,0.968,0.857,0,17.14
"Q","2011","Sep",0.968,0.867,0.968,0.874,0,17.48
"Q","2011","Oct",0.968,0.869,0.968,0.889,0,17.78
"Q","2011","Nov",0.968,0.872,0.968,0.895,0,17.9
"Q","2011","Dec",0.968,0.877,0.968,0.932,0,18.64
"Q","2012","Jan",0.968,0.9,0.968,0.9,0,18
"Q","2012","Feb",0.968,0.871,0.968,0.842,0,16.84
"Q","2012","Mar",0.968,0.862,0.968,0.845,0,16.9
"Q","2012","Apr",0.968,0.861,0.968,0.855,0,17.1
"Q","2012","May",0.968,0.86,0.968,0.856,0,17.12
"Q","2012","Jun",0.968,0.86,0.968,0.86,0,17.2
"Q","2012","Jul",0.968,0.864,0.968,0.89,0,17.8
"Q","2012","Aug",0.968,0.861,0.968,0.842,0,16.84
"Q","2012","Sep",0.968,0.861,0.968,0.863,0,17.26
"Q","2012","Oct",0.968,0.863,0.968,0.88,0,17.6
"Q","2012","Nov",0.968,0.861,0.968,0.832,0,16.64
"Q","2012","Dec",0.968,0.864,0.968,0.877,0,17.54
"Q","2013","Jan",0.968,0.862,0.968,0.862,0,17.24
"Q","2013","Feb",0.968,0.84,0.968,0.815,0,16.3
"Q","2013","Mar",0.968,0.854,0.968,0.883,0,17.66
"Q","2013","Apr",0.968,0.865,0.968,0.895,0,17.9
"Q","2013","May",0.968,0.862,0.968,0.851,0,17.02
"Q","2013","Jun",0.968,0.847,0.968,0.763,0,15.26
"Q","2013","Jul",0.968,0.848,0.968,0.853,0,17.06
"Q","2013","Aug",0.968,0.852,0.968,0.876,0,17.52
"Q","2013","Sep",0.968,0.853,0.968,0.865,0,17.3
"Q","2013","Oct",0.968,0.858,0.968,0.9,0,18
"Q","2013","Nov",0.968,0.862,0.968,0.91,0,18.2
"Q","2013","Dec",0.968,0.865,0.968,0.898,0,17.96
"Q","2014","Jan",0.968,0.744,0.968,0.744,0,14.88
"Q","2014","Feb",0.968,0.708,0.968,0.665,0,13.3
"Q","2014","Mar",0.968,0.744,0.968,0.815,0,16.3
"Q","2014","Apr",0.968,0.758,0.968,0.796,0,15.92
"Q","2014","May",0.968,0.775,0.968,0.811,0,16.22
"Q","2014","Jun",0.968,0.768,0.968,0.763,0,15.26
"Q","2014","Jul",0.968,0.774,0.968,0.811,0,16.22
"Q","2014","Aug",0.968,0.783,0.968,0.842,0,16.84
"Q","2014","Sep",0.968,0.788,0.968,0.835,0,16.7
"Q","2014","Oct",0.968,0.788,0.968,0.782,0,15.64
"Q","2014","Nov",0.968,0.769,0.968,0.552,0,11.04
"Q","2014","Dec",0.968,0.757,0.968,0.633,0,12.66
"Q","2015","Jan",0.75,0.699,0.75,0.699,0,13.98
"Q","2015","Feb",0.75,0.687,0.75,0.675,0,13.5
"Q","2015","Mar",0.75,0.713,0.75,0.759,1,15.18
"Q","2015","Apr",0.75,0.748,0.75,0.783,1,15.66
"Q","2015","May",0.75,0.722,0.75,0.684,0,13.68
"Q","2015","Jun",0.75,0.719,0.75,0.707,0,14.14
"Q","2015","Jul",0.75,0.716,0.75,0.697,0,13.94
"Q","2015","Aug",0.75,0.721,0.75,0.755,1,15.1
"Q","2015","Sep",0.75,0.727,0.75,0.781,1,15.62
"Q","2015","Oct",0.75,0.729,0.75,0.739,0,14.78
"Q","2015","Nov",0.75,0.709,0.75,0.494,0,9.88
"Q","2015","Dec",0.75,0.706,0.75,0.678,0,13.56
"Q","2016","Jan",0.75,0.655,0.75,0.655,0,13.1
"Q","2016","Feb",0.75,0.686,0.75,0.717,0,14.34
"Q","2016","Mar",0.75,0.699,0.75,0.721,0,14.42
"Q","2016","Apr",0.75,0.722,0.75,0.791,1,15.82
"Q","2016","May",0.75,0.715,0.75,0.688,0,13.76
"Q","2016","Jun",0.75,0.712,0.75,0.7,0,14
"Q","2016","Jul",0.75,0.709,0.75,0.685,0,13.7
"Q","2016","Aug",0.75,0.71,0.75,0.718,0,14.36
"Q","2016","Sep",0.75,0.705,0.75,0.662,0,13.24
"Q","2016","Oct",0.75,0.7,0.75,0.662,0,13.24
"Q","2016","Nov",0.75,0.6965,0.75,0.6633,0,13.266
"Q","2016","Dec",0.75,0.6995,0.75,0.7287,0,14.574
"Q","2017","Jan",0.75,0.6385,0.75,0.6385,0,12.77
"Q","2017","Feb",0.75,0.6576,0.75,0.6786,0,13.572
"Q","2017","Mar",0.75,0.6599,0.75,0.6643,0,13.286
"Q","2017","Apr",0.75,0.6667,0.75,0.6877,0,13.754
"Q","2017","May",0.75,0.6602,0.75,0.6359,0,12.718
"Q","2017","Jun",0.75,0.6523,0.75,0.615,0,12.3
"Q","2017","Jul",0.75,0.6463,0.75,0.6084,0,12.168
"Q","2017","Aug",0.75,0.6484,0.75,0.6621,0,13.242
"Q","2017","Sep",0.75,0.6501,0.75,0.6634,0,13.268
"Q","2017","Oct",0.75,0.6563,0.75,0.7094,0,14.188
"Q","2017","Nov",0.75,0.6553,0.75,0.646,0,12.92
"Q","2017","Dec",0.75,0.656,0.75,0.6639,0,13.278
"R","2011","Jan",0.932,0.858,0.932,0.858,0,17.16
"R","2011","Feb",0.932,0.877,0.932,0.899,0,17.98
"R","2011","Mar",0.932,0.879,0.932,0.881,0,17.62
"R","2011","Apr",0.932,0.883,0.932,0.895,0,17.9
"R","2011","May",0.932,0.882,0.932,0.878,0,17.56
"R","2011","Jun",0.932,0.883,0.932,0.885,0,17.7
"R","2011","Jul",0.932,0.883,0.932,0.88,0,17.6
"R","2011","Aug",0.932,0.878,0.932,0.849,0,16.98
"R","2011","Sep",0.932,0.875,0.932,0.847,0,16.94
"R","2011","Oct",0.932,0.873,0.932,0.856,0,17.12
"R","2011","Nov",0.932,0.874,0.932,0.887,0,17.74
"R","2011","Dec",0.932,0.875,0.932,0.883,0,17.66
"R","2012","Jan",0.932,0.91,0.932,0.91,0,18.2
"R","2012","Feb",0.932,0.899,0.932,0.887,0,17.74
"R","2012","Mar",0.932,0.895,0.932,0.889,0,17.78
"R","2012","Apr",0.932,0.894,0.932,0.889,0,17.78
"R","2012","May",0.932,0.896,0.932,0.902,0,18.04
"R","2012","Jun",0.932,0.896,0.932,0.896,0,17.92
"R","2012","Jul",0.932,0.895,0.932,0.891,0,17.82
"R","2012","Aug",0.932,0.893,0.932,0.877,0,17.54
"R","2012","Sep",0.932,0.888,0.932,0.85,0,17
"R","2012","Oct",0.932,0.889,0.932,0.897,0,17.94
"R","2012","Nov",0.932,0.893,0.932,0.946,1,18.92
"R","2012","Dec",0.932,0.894,0.932,0.875,0,17.5
"R","2013","Jan",0.932,0.837,0.932,0.837,0,16.74
"R","2013","Feb",0.932,0.83,0.932,0.822,0,16.44
"R","2013","Mar",0.932,0.842,0.932,0.864,0,17.28
"R","2013","Apr",0.932,0.847,0.932,0.862,0,17.24
"R","2013","May",0.932,0.836,0.932,0.794,0,15.88
"R","2013","Jun",0.932,0.826,0.932,0.772,0,15.44
"R","2013","Jul",0.932,0.818,0.932,0.773,0,15.46
"R","2013","Aug",0.932,0.84,0.932,0.925,0,18.5
"R","2013","Sep",0.932,0.858,0.932,0.953,1,19.06
"R","2013","Oct",0.932,0.87,0.932,0.937,1,18.74
"R","2013","Nov",0.932,0.879,0.932,0.94,1,18.8
"R","2013","Dec",0.932,0.883,0.932,0.922,0,18.44
"R","2014","Jan",0.932,0.865,0.932,0.865,0,17.3
"R","2014","Feb",0.932,0.861,0.932,0.856,0,17.12
"R","2014","Mar",0.932,0.872,0.932,0.893,0,17.86
"R","2014","Apr",0.932,0.876,0.932,0.887,0,17.74
"R","2014","May",0.932,0.869,0.932,0.839,0,16.78
"R","2014","Jun",0.932,0.869,0.932,0.874,0,17.48
"R","2014","Jul",0.932,0.869,0.932,0.866,0,17.32
"R","2014","Aug",0.932,0.871,0.932,0.889,0,17.78
"R","2014","Sep",0.932,0.863,0.932,0.776,0,15.52
"R","2014","Oct",0.932,0.853,0.932,0.712,0,14.24
"R","2014","Nov",0.932,0.84,0.932,0.593,0,11.86
"R","2014","Dec",0.932,0.828,0.932,0.625,0,12.5
"R","2015","Jan",0.75,0.618,0.75,0.618,0,12.36
"R","2015","Feb",0.75,0.599,0.75,0.578,0,11.56
"R","2015","Mar",0.75,0.591,0.75,0.578,0,11.56
"R","2015","Apr",0.75,0.746,0.75,0.602,0,12.04
"R","2015","May",0.75,0.586,0.75,0.553,0,11.06
"R","2015","Jun",0.75,0.581,0.75,0.556,0,11.12
"R","2015","Jul",0.75,0.583,0.75,0.599,0,11.98
"R","2015","Aug",0.75,0.59,0.75,0.637,0,12.74
"R","2015","Sep",0.75,0.595,0.75,0.63,0,12.6
"R","2015","Oct",0.75,0.594,0.75,0.587,0,11.74
"R","2015","Nov",0.75,0.59,0.75,0.555,0,11.1
"R","2015","Dec",0.75,0.591,0.75,0.596,0,11.92
"R","2016","Jan",0.75,0.612,0.75,0.612,0,12.24
"R","2016","Feb",0.75,0.605,0.75,0.598,0,11.96
"R","2016","Mar",0.75,0.61,0.75,0.618,0,12.36
"R","2016","Apr",0.75,0.614,0.75,0.628,0,12.56
"R","2016","May",0.75,0.611,0.75,0.599,0,11.98
"R","2016","Jun",0.75,0.609,0.75,0.601,0,12.02
"R","2016","Jul",0.75,0.605,0.75,0.573,0,11.46
"R","2016","Aug",0.75,0.598,0.75,0.557,0,11.14
"R","2016","Sep",0.75,0.594,0.75,0.563,0,11.26
"R","2016","Oct",0.75,0.587,0.75,0.519,0,10.38
"R","2016","Nov",0.75,0.5966,0.75,0.6958,0,13.916
"R","2016","Dec",0.75,0.5947,0.75,0.5742,0,11.484
"R","2017","Jan",0.75,0.6346,0.75,0.6346,0,12.692
"R","2017","Feb",0.75,0.6593,0.75,0.6868,0,13.736
"R","2017","Mar",0.75,0.6634,0.75,0.6711,0,13.422
"R","2017","Apr",0.75,0.6746,0.75,0.7091,0,14.182
"R","2017","May",0.75,0.6879,0.75,0.7376,0,14.752
"R","2017","Jun",0.75,0.6861,0.75,0.6773,0,13.546
"R","2017","Jul",0.75,0.689,0.75,0.7073,0,14.146
"R","2017","Aug",0.75,0.6928,0.75,0.7172,0,14.344
"R","2017","Sep",0.75,0.6919,0.75,0.6837,0,13.674
"R","2017","Oct",0.75,0.6873,0.75,0.6479,0,12.958
"R","2017","Nov",0.75,0.6829,0.75,0.639,0,12.78
"R","2017","Dec",0.75,0.6781,0.75,0.6203,0,12.406
"S Rock","2011","Jan",0.988,0.939,0.988,0.939,0,18.78
"S Rock","2011","Feb",0.988,0.945,0.988,0.951,0,19.02
"S Rock","2011","Mar",0.988,0.949,0.988,0.957,0,19.14
"S Rock","2011","Apr",0.988,0.956,0.988,0.978,0,19.56
"S Rock","2011","May",0.988,0.96,0.988,0.975,0,19.5
"S Rock","2011","Jun",0.988,0.956,0.988,0.948,0,18.96
"S Rock","2011","Jul",0.988,0.956,0.988,0.953,0,19.06
"S Rock","2011","Aug",0.988,0.955,0.988,0.941,0,18.82
"S Rock","2011","Sep",0.988,0.955,0.988,0.941,0,18.82
"S Rock","2011","Oct",0.988,0.956,0.988,0.969,0,19.38
"S Rock","2011","Nov",0.988,0.957,0.988,0.962,0,19.24
"S Rock","2011","Dec",0.988,0.954,0.988,0.928,0,18.56
"S Rock","2012","Jan",0.988,0.957,0.988,0.957,0,19.14
"S Rock","2012","Feb",0.988,0.961,0.988,0.965,0,19.3
"S Rock","2012","Mar",0.988,0.966,0.988,0.976,0,19.52
"S Rock","2012","Apr",0.988,0.97,0.988,0.98,0,19.6
"S Rock","2012","May",0.988,0.972,0.988,0.983,0,19.66
"S Rock","2012","Jun",0.988,0.973,0.988,0.976,0,19.52
"S Rock","2012","Jul",0.988,0.973,0.988,0.97,0,19.4
"S Rock","2012","Aug",0.988,0.97,0.988,0.954,0,19.08
"S Rock","2012","Sep",0.988,0.969,0.988,0.96,0,19.2
"S Rock","2012","Oct",0.988,0.968,0.988,0.958,0,19.16
"S Rock","2012","Nov",0.988,0.968,0.988,0.972,0,19.44
"S Rock","2012","Dec",0.988,0.972,0.988,0.954,0,19.08
"S Rock","2013","Jan",0.988,0.986,0.988,0.986,0,19.72
"S Rock","2013","Feb",0.988,0.985,0.988,0.983,0,19.66
"S Rock","2013","Mar",0.988,0.986,0.988,0.987,0,19.74
"S Rock","2013","Apr",0.988,0.988,0.988,0.995,1,19.9
"S Rock","2013","May",0.988,0.986,0.988,0.977,0,19.54
"S Rock","2013","Jun",0.988,0.981,0.988,0.955,0,19.1
"S Rock","2013","Jul",0.988,0.978,0.988,0.959,0,19.18
"S Rock","2013","Aug",0.988,0.974,0.988,0.949,0,18.98
"S Rock","2013","Sep",0.988,0.973,0.988,0.961,0,19.22
"S Rock","2013","Oct",0.988,0.971,0.988,0.955,0,19.1
"S Rock","2013","Nov",0.988,0.97,0.988,0.965,0,19.3
"S Rock","2013","Dec",0.988,0.97,0.988,0.965,0,19.3
"S Rock","2014","Jan",0.988,0.925,0.988,0.925,0,18.5
"S Rock","2014","Feb",0.988,0.928,0.988,0.933,0,18.66
"S Rock","2014","Mar",0.988,0.941,0.988,0.964,0,19.28
"S Rock","2014","Apr",0.988,0.949,0.988,0.972,0,19.44
"S Rock","2014","May",0.988,0.955,0.988,0.949,0,18.98
"S Rock","2014","Jun",0.988,0.95,0.988,0.957,0,19.14
"S Rock","2014","Jul",0.988,0.951,0.988,0.955,0,19.1
"S Rock","2014","Aug",0.988,0.952,0.988,0.96,0,19.2
"S Rock","2014","Sep",0.988,0.953,0.988,0.957,0,19.14
"S Rock","2014","Oct",0.988,0.952,0.988,0.947,0,18.94
"S Rock","2014","Nov",0.988,0.952,0.988,0.955,0,19.1
"S Rock","2014","Dec",0.988,0.954,0.988,0.969,0,19.38
"S Rock","2015","Jan",0.75,0.954,0.75,0.954,1,19.08
"S Rock","2015","Feb",0.75,0.948,0.75,0.942,1,18.84
"S Rock","2015","Mar",0.75,0.95,0.75,0.954,1,19.08
"S Rock","2015","Apr",0.75,0.955,0.75,0.961,1,19.22
"S Rock","2015","May",0.75,0.951,0.75,0.945,1,18.9
"S Rock","2015","Jun",0.75,0.953,0.75,0.96,1,19.2
"S Rock","2015","Jul",0.75,0.953,0.75,0.952,1,19.04
"S Rock","2015","Aug",0.75,0.953,0.75,0.957,1,19.14
"S Rock","2015","Sep",0.75,0.954,0.75,0.963,1,19.26
"S Rock","2015","Oct",0.75,0.955,0.75,0.963,1,19.26
"S Rock","2015","Nov",0.75,0.957,0.75,0.972,1,19.44
"S Rock","2015","Dec",0.75,0.957,0.75,0.96,1,19.2
"S Rock","2016","Jan",0.75,0.961,0.75,0.961,1,19.22
"S Rock","2016","Feb",0.75,0.967,0.75,0.972,1,19.44
"S Rock","2016","Mar",0.75,0.961,0.75,0.943,1,18.86
"S Rock","2016","Apr",0.75,0.954,0.75,0.92,1,18.4
"S Rock","2016","May",0.75,0.953,0.75,0.947,1,18.94
"S Rock","2016","Jun",0.75,0.949,0.75,0.922,1,18.44
"S Rock","2016","Jul",0.75,0.949,0.75,0.948,1,18.96
"S Rock","2016","Aug",0.75,0.945,0.75,0.916,1,18.32
"S Rock","2016","Sep",0.75,0.944,0.75,0.927,1,18.54
"S Rock","2016","Oct",0.75,0.942,0.75,0.924,1,18.48
"S Rock","2016","Nov",0.75,0.9402,0.75,0.9176,1,18.352
"S Rock","2016","Dec",0.75,0.9391,0.75,0.9256,1,18.512
"S Rock","2017","Jan",0.75,0.9534,0.75,0.9534,1,19.068
"S Rock","2017","Feb",0.75,0.9374,0.75,0.9196,1,18.392
"S Rock","2017","Mar",0.75,0.9393,0.75,0.9427,1,18.854
"S Rock","2017","Apr",0.75,0.9483,0.75,0.9761,1,19.522
"S Rock","2017","May",0.75,0.9493,0.75,0.9534,1,19.068
"S Rock","2017","Jun",0.75,0.9492,0.75,0.9485,1,18.97
"S Rock","2017","Jul",0.75,0.9494,0.75,0.9504,1,19.008
"S Rock","2017","Aug",0.75,0.9483,0.75,0.9414,1,18.828
"S Rock","2017","Sep",0.75,0.9471,0.75,0.9368,1,18.736
"S Rock","2017","Oct",0.75,0.9469,0.75,0.9457,1,18.914
"S Rock","2017","Nov",0.75,0.9461,0.75,0.9372,1,18.744
"S Rock","2017","Dec",0.75,0.9459,0.75,0.9442,1,18.884
